item_id,task_type,perturbation_type,similarity,retention_probability,is_correct_simulated,similarity_metric
code_generation_102,code_generation,context_injection,0.873566,0.8003252251315593,1,"sklearn HashingVectorizer char_wb(3,5) cosine"
code_generation_102,code_generation,formatting_changes,0.944768,0.8627100634304037,1,"sklearn HashingVectorizer char_wb(3,5) cosine"
code_generation_102,code_generation,paraphrasing,0.793918,0.6841809595831021,1,"sklearn HashingVectorizer char_wb(3,5) cosine"
code_generation_102,code_generation,reordering,0.929644,0.8522829696993011,1,"sklearn HashingVectorizer char_wb(3,5) cosine"
code_generation_102,code_generation,surface_noise,0.920633,0.8454070554477904,1,"sklearn HashingVectorizer char_wb(3,5) cosine"
code_generation_104,code_generation,context_injection,0.874597,0.8014914141678509,1,"sklearn HashingVectorizer char_wb(3,5) cosine"
code_generation_104,code_generation,formatting_changes,0.773514,0.6467752574915087,0,"sklearn HashingVectorizer char_wb(3,5) cosine"
code_generation_104,code_generation,paraphrasing,0.857985,0.7816597791557831,1,"sklearn HashingVectorizer char_wb(3,5) cosine"
code_generation_104,code_generation,reordering,0.711162,0.5219171700613374,1,"sklearn HashingVectorizer char_wb(3,5) cosine"
code_generation_104,code_generation,surface_noise,0.859345,0.7833676350410859,1,"sklearn HashingVectorizer char_wb(3,5) cosine"
code_generation_107,code_generation,context_injection,0.76271,0.6260120302288312,1,"sklearn HashingVectorizer char_wb(3,5) cosine"
code_generation_107,code_generation,formatting_changes,0.972618,0.8786481017868941,1,"sklearn HashingVectorizer char_wb(3,5) cosine"
code_generation_107,code_generation,paraphrasing,0.969083,0.8768385813962416,1,"sklearn HashingVectorizer char_wb(3,5) cosine"
code_generation_107,code_generation,reordering,0.858081,0.7817808312841097,0,"sklearn HashingVectorizer char_wb(3,5) cosine"
code_generation_107,code_generation,surface_noise,0.961699,0.8728667952849414,0,"sklearn HashingVectorizer char_wb(3,5) cosine"
code_generation_109,code_generation,context_injection,0.81822,0.7249924345024181,1,"sklearn HashingVectorizer char_wb(3,5) cosine"
code_generation_109,code_generation,formatting_changes,0.81897,0.7261803221269292,0,"sklearn HashingVectorizer char_wb(3,5) cosine"
code_generation_109,code_generation,paraphrasing,0.811274,0.7137814539553371,0,"sklearn HashingVectorizer char_wb(3,5) cosine"
code_generation_109,code_generation,reordering,0.804593,0.7026487581285317,1,"sklearn HashingVectorizer char_wb(3,5) cosine"
code_generation_109,code_generation,surface_noise,0.806728,0.7062429030543056,1,"sklearn HashingVectorizer char_wb(3,5) cosine"
code_generation_11,code_generation,context_injection,0.796985,0.6895698271677153,1,"sklearn HashingVectorizer char_wb(3,5) cosine"
code_generation_11,code_generation,formatting_changes,0.767392,0.6350811568269784,1,"sklearn HashingVectorizer char_wb(3,5) cosine"
code_generation_11,code_generation,paraphrasing,0.712262,0.5241651550538562,0,"sklearn HashingVectorizer char_wb(3,5) cosine"
code_generation_11,code_generation,reordering,0.772127,0.6441430428825138,1,"sklearn HashingVectorizer char_wb(3,5) cosine"
code_generation_11,code_generation,surface_noise,0.796232,0.6882528356629742,0,"sklearn HashingVectorizer char_wb(3,5) cosine"
code_generation_110,code_generation,context_injection,0.92065,0.845420516732174,0,"sklearn HashingVectorizer char_wb(3,5) cosine"
code_generation_110,code_generation,formatting_changes,0.960548,0.8722235786849089,1,"sklearn HashingVectorizer char_wb(3,5) cosine"
code_generation_110,code_generation,paraphrasing,0.840564,0.7584342126693813,0,"sklearn HashingVectorizer char_wb(3,5) cosine"
code_generation_110,code_generation,reordering,0.788766,0.6749842578637466,1,"sklearn HashingVectorizer char_wb(3,5) cosine"
code_generation_110,code_generation,surface_noise,0.93654,0.8572047815415262,1,"sklearn HashingVectorizer char_wb(3,5) cosine"
code_generation_112,code_generation,context_injection,0.956098,0.8696736580527673,1,"sklearn HashingVectorizer char_wb(3,5) cosine"
code_generation_112,code_generation,formatting_changes,0.947086,0.8641915527638617,1,"sklearn HashingVectorizer char_wb(3,5) cosine"
code_generation_112,code_generation,paraphrasing,0.797908,0.6911787057966339,0,"sklearn HashingVectorizer char_wb(3,5) cosine"
code_generation_112,code_generation,reordering,0.8548,0.7776006894357606,1,"sklearn HashingVectorizer char_wb(3,5) cosine"
code_generation_112,code_generation,surface_noise,0.942554,0.8612669089003082,1,"sklearn HashingVectorizer char_wb(3,5) cosine"
code_generation_117,code_generation,context_injection,0.867661,0.7934823287999637,1,"sklearn HashingVectorizer char_wb(3,5) cosine"
code_generation_117,code_generation,formatting_changes,0.87853,0.8058628819203801,1,"sklearn HashingVectorizer char_wb(3,5) cosine"
code_generation_117,code_generation,paraphrasing,0.866491,0.7920932147792068,1,"sklearn HashingVectorizer char_wb(3,5) cosine"
code_generation_117,code_generation,reordering,0.863284,0.7882287594873421,1,"sklearn HashingVectorizer char_wb(3,5) cosine"
code_generation_117,code_generation,surface_noise,0.899264,0.8269400626285781,1,"sklearn HashingVectorizer char_wb(3,5) cosine"
code_generation_12,code_generation,context_injection,1.0,0.8908352069115921,1,"sklearn HashingVectorizer char_wb(3,5) cosine"
code_generation_12,code_generation,formatting_changes,1.0,0.8908352069115921,1,"sklearn HashingVectorizer char_wb(3,5) cosine"
code_generation_12,code_generation,paraphrasing,1.0,0.8908352069115921,1,"sklearn HashingVectorizer char_wb(3,5) cosine"
code_generation_12,code_generation,reordering,1.0,0.8908352069115921,1,"sklearn HashingVectorizer char_wb(3,5) cosine"
code_generation_12,code_generation,surface_noise,1.0,0.8908352069115921,1,"sklearn HashingVectorizer char_wb(3,5) cosine"
code_generation_122,code_generation,context_injection,0.778272,0.6557239702569408,1,"sklearn HashingVectorizer char_wb(3,5) cosine"
code_generation_122,code_generation,formatting_changes,0.866094,0.7916193507051936,1,"sklearn HashingVectorizer char_wb(3,5) cosine"
code_generation_122,code_generation,paraphrasing,0.726123,0.5525325259719477,0,"sklearn HashingVectorizer char_wb(3,5) cosine"
code_generation_122,code_generation,reordering,0.872242,0.7988152093567551,1,"sklearn HashingVectorizer char_wb(3,5) cosine"
code_generation_122,code_generation,surface_noise,0.873884,0.8006858235445462,1,"sklearn HashingVectorizer char_wb(3,5) cosine"
code_generation_128,code_generation,context_injection,0.937165,0.8576367616053644,1,"sklearn HashingVectorizer char_wb(3,5) cosine"
code_generation_128,code_generation,formatting_changes,0.93893,0.858844270023323,1,"sklearn HashingVectorizer char_wb(3,5) cosine"
code_generation_128,code_generation,paraphrasing,0.703687,0.5066805561377824,1,"sklearn HashingVectorizer char_wb(3,5) cosine"
code_generation_128,code_generation,reordering,0.882249,0.8098848516165127,1,"sklearn HashingVectorizer char_wb(3,5) cosine"
code_generation_128,code_generation,surface_noise,0.941314,0.8604464743423663,1,"sklearn HashingVectorizer char_wb(3,5) cosine"
code_generation_13,code_generation,context_injection,0.964504,0.8744067885676081,0,"sklearn HashingVectorizer char_wb(3,5) cosine"
code_generation_13,code_generation,formatting_changes,0.961943,0.8730023006762604,1,"sklearn HashingVectorizer char_wb(3,5) cosine"
code_generation_13,code_generation,paraphrasing,0.822006,0.7309432328448067,0,"sklearn HashingVectorizer char_wb(3,5) cosine"
code_generation_13,code_generation,reordering,0.944354,0.8624423074750949,1,"sklearn HashingVectorizer char_wb(3,5) cosine"
code_generation_13,code_generation,surface_noise,0.951365,0.8668487658323167,1,"sklearn HashingVectorizer char_wb(3,5) cosine"
code_generation_131,code_generation,context_injection,0.936268,0.8570160623555194,0,"sklearn HashingVectorizer char_wb(3,5) cosine"
code_generation_131,code_generation,formatting_changes,0.924928,0.8487486750396669,1,"sklearn HashingVectorizer char_wb(3,5) cosine"
code_generation_131,code_generation,paraphrasing,0.844455,0.7638392640215035,1,"sklearn HashingVectorizer char_wb(3,5) cosine"
code_generation_131,code_generation,reordering,0.893616,0.8215190683653937,1,"sklearn HashingVectorizer char_wb(3,5) cosine"
code_generation_131,code_generation,surface_noise,0.757134,0.6150830427669237,0,"sklearn HashingVectorizer char_wb(3,5) cosine"
code_generation_135,code_generation,context_injection,0.895899,0.8237385444065699,1,"sklearn HashingVectorizer char_wb(3,5) cosine"
code_generation_135,code_generation,formatting_changes,0.907828,0.8347203286653344,1,"sklearn HashingVectorizer char_wb(3,5) cosine"
code_generation_135,code_generation,paraphrasing,0.850168,0.771548324227366,0,"sklearn HashingVectorizer char_wb(3,5) cosine"
code_generation_135,code_generation,reordering,0.837451,0.7540198013430144,1,"sklearn HashingVectorizer char_wb(3,5) cosine"
code_generation_135,code_generation,surface_noise,0.850109,0.7714700897283335,1,"sklearn HashingVectorizer char_wb(3,5) cosine"
code_generation_138,code_generation,context_injection,0.89684,0.8246421726772828,0,"sklearn HashingVectorizer char_wb(3,5) cosine"
code_generation_138,code_generation,formatting_changes,0.921091,0.8457690612965225,1,"sklearn HashingVectorizer char_wb(3,5) cosine"
code_generation_138,code_generation,paraphrasing,0.8442,0.7634888741720329,1,"sklearn HashingVectorizer char_wb(3,5) cosine"
code_generation_138,code_generation,reordering,0.883166,0.8108600257487477,0,"sklearn HashingVectorizer char_wb(3,5) cosine"
code_generation_138,code_generation,surface_noise,0.924212,0.848199827851567,1,"sklearn HashingVectorizer char_wb(3,5) cosine"
code_generation_142,code_generation,context_injection,0.835188,0.7507605756164826,0,"sklearn HashingVectorizer char_wb(3,5) cosine"
code_generation_142,code_generation,formatting_changes,0.904079,0.8313785722413225,1,"sklearn HashingVectorizer char_wb(3,5) cosine"
code_generation_142,code_generation,paraphrasing,0.761105,0.6228798871996006,1,"sklearn HashingVectorizer char_wb(3,5) cosine"
code_generation_142,code_generation,reordering,0.836605,0.7528063091156019,1,"sklearn HashingVectorizer char_wb(3,5) cosine"
code_generation_142,code_generation,surface_noise,0.909697,0.8363496066913214,1,"sklearn HashingVectorizer char_wb(3,5) cosine"
code_generation_143,code_generation,context_injection,0.823699,0.7335672405466942,0,"sklearn HashingVectorizer char_wb(3,5) cosine"
code_generation_143,code_generation,formatting_changes,0.904724,0.8319605617511983,1,"sklearn HashingVectorizer char_wb(3,5) cosine"
code_generation_143,code_generation,paraphrasing,0.743566,0.588006688316793,1,"sklearn HashingVectorizer char_wb(3,5) cosine"
code_generation_143,code_generation,reordering,0.865249,0.7906064982794203,1,"sklearn HashingVectorizer char_wb(3,5) cosine"
code_generation_143,code_generation,surface_noise,0.915206,0.8410125786066429,1,"sklearn HashingVectorizer char_wb(3,5) cosine"
code_generation_145,code_generation,context_injection,0.764882,0.6302320962820076,1,"sklearn HashingVectorizer char_wb(3,5) cosine"
code_generation_145,code_generation,formatting_changes,0.918009,0.8433065946621903,1,"sklearn HashingVectorizer char_wb(3,5) cosine"
code_generation_145,code_generation,paraphrasing,0.902413,0.8298616419914886,1,"sklearn HashingVectorizer char_wb(3,5) cosine"
code_generation_145,code_generation,reordering,0.89951,0.827170873987187,0,"sklearn HashingVectorizer char_wb(3,5) cosine"
code_generation_145,code_generation,surface_noise,0.893588,0.8214916077309984,1,"sklearn HashingVectorizer char_wb(3,5) cosine"
code_generation_146,code_generation,context_injection,0.711903,0.5234313713359295,1,"sklearn HashingVectorizer char_wb(3,5) cosine"
code_generation_146,code_generation,formatting_changes,0.920764,0.8455107379147517,1,"sklearn HashingVectorizer char_wb(3,5) cosine"
code_generation_146,code_generation,paraphrasing,0.821388,0.7299796640776606,0,"sklearn HashingVectorizer char_wb(3,5) cosine"
code_generation_146,code_generation,reordering,0.719776,0.5395413602114292,1,"sklearn HashingVectorizer char_wb(3,5) cosine"
code_generation_146,code_generation,surface_noise,0.710395,0.5203504147096196,0,"sklearn HashingVectorizer char_wb(3,5) cosine"
code_generation_15,code_generation,context_injection,1.0,0.8908352069115921,1,"sklearn HashingVectorizer char_wb(3,5) cosine"
code_generation_15,code_generation,formatting_changes,1.0,0.8908352069115921,1,"sklearn HashingVectorizer char_wb(3,5) cosine"
code_generation_15,code_generation,paraphrasing,1.0,0.8908352069115921,1,"sklearn HashingVectorizer char_wb(3,5) cosine"
code_generation_15,code_generation,reordering,1.0,0.8908352069115921,1,"sklearn HashingVectorizer char_wb(3,5) cosine"
code_generation_15,code_generation,surface_noise,1.0,0.8908352069115921,1,"sklearn HashingVectorizer char_wb(3,5) cosine"
code_generation_153,code_generation,context_injection,0.966277,0.8753603369830378,1,"sklearn HashingVectorizer char_wb(3,5) cosine"
code_generation_153,code_generation,formatting_changes,0.975777,0.8802165483917073,0,"sklearn HashingVectorizer char_wb(3,5) cosine"
code_generation_153,code_generation,paraphrasing,0.951744,0.8670793444921698,1,"sklearn HashingVectorizer char_wb(3,5) cosine"
code_generation_153,code_generation,reordering,0.982605,0.8834552556261774,1,"sklearn HashingVectorizer char_wb(3,5) cosine"
code_generation_153,code_generation,surface_noise,0.967422,0.8759680767876346,1,"sklearn HashingVectorizer char_wb(3,5) cosine"
code_generation_157,code_generation,context_injection,0.936634,0.8572698988246117,1,"sklearn HashingVectorizer char_wb(3,5) cosine"
code_generation_157,code_generation,formatting_changes,0.95187,0.8671558309871559,1,"sklearn HashingVectorizer char_wb(3,5) cosine"
code_generation_157,code_generation,paraphrasing,0.865927,0.7914196362012211,1,"sklearn HashingVectorizer char_wb(3,5) cosine"
code_generation_157,code_generation,reordering,0.84258,0.7612503026959758,1,"sklearn HashingVectorizer char_wb(3,5) cosine"
code_generation_157,code_generation,surface_noise,0.931332,0.853514409822973,1,"sklearn HashingVectorizer char_wb(3,5) cosine"
code_generation_17,code_generation,context_injection,0.813805,0.7179100397517038,0,"sklearn HashingVectorizer char_wb(3,5) cosine"
code_generation_17,code_generation,formatting_changes,0.789236,0.6758305770770461,1,"sklearn HashingVectorizer char_wb(3,5) cosine"
code_generation_17,code_generation,paraphrasing,0.912609,0.8388401353256765,1,"sklearn HashingVectorizer char_wb(3,5) cosine"
code_generation_17,code_generation,reordering,0.635461,0.37744258719637147,1,"sklearn HashingVectorizer char_wb(3,5) cosine"
code_generation_17,code_generation,surface_noise,0.880241,0.8077266698665164,1,"sklearn HashingVectorizer char_wb(3,5) cosine"
code_generation_18,code_generation,context_injection,0.963083,0.8736314846738589,1,"sklearn HashingVectorizer char_wb(3,5) cosine"
code_generation_18,code_generation,formatting_changes,0.95278,0.8677057190522826,1,"sklearn HashingVectorizer char_wb(3,5) cosine"
code_generation_18,code_generation,paraphrasing,0.960942,0.8724445052905938,1,"sklearn HashingVectorizer char_wb(3,5) cosine"
code_generation_18,code_generation,reordering,0.989483,0.886517379355541,1,"sklearn HashingVectorizer char_wb(3,5) cosine"
code_generation_18,code_generation,surface_noise,0.979189,0.881860392675047,1,"sklearn HashingVectorizer char_wb(3,5) cosine"
code_generation_24,code_generation,context_injection,0.870838,0.7971986635336092,1,"sklearn HashingVectorizer char_wb(3,5) cosine"
code_generation_24,code_generation,formatting_changes,0.87193,0.7984573389760627,1,"sklearn HashingVectorizer char_wb(3,5) cosine"
code_generation_24,code_generation,paraphrasing,0.846257,0.7663000163502296,0,"sklearn HashingVectorizer char_wb(3,5) cosine"
code_generation_24,code_generation,reordering,0.841339,0.7595207627619869,1,"sklearn HashingVectorizer char_wb(3,5) cosine"
code_generation_24,code_generation,surface_noise,0.857533,0.7810888088538948,1,"sklearn HashingVectorizer char_wb(3,5) cosine"
code_generation_25,code_generation,context_injection,0.98041,0.882436232585684,1,"sklearn HashingVectorizer char_wb(3,5) cosine"
code_generation_25,code_generation,formatting_changes,0.9877,0.8857422768752665,1,"sklearn HashingVectorizer char_wb(3,5) cosine"
code_generation_25,code_generation,paraphrasing,0.987194,0.8855199546122636,1,"sklearn HashingVectorizer char_wb(3,5) cosine"
code_generation_25,code_generation,reordering,0.983307,0.8837768191925373,1,"sklearn HashingVectorizer char_wb(3,5) cosine"
code_generation_25,code_generation,surface_noise,0.988205,0.8859631181668048,1,"sklearn HashingVectorizer char_wb(3,5) cosine"
code_generation_26,code_generation,context_injection,0.886476,0.8143260883716947,1,"sklearn HashingVectorizer char_wb(3,5) cosine"
code_generation_26,code_generation,formatting_changes,0.917212,0.8426596346717263,0,"sklearn HashingVectorizer char_wb(3,5) cosine"
code_generation_26,code_generation,paraphrasing,0.6244,0.35919206282411353,0,"sklearn HashingVectorizer char_wb(3,5) cosine"
code_generation_26,code_generation,reordering,0.921933,0.846431031068013,1,"sklearn HashingVectorizer char_wb(3,5) cosine"
code_generation_26,code_generation,surface_noise,0.929107,0.8518875323672717,1,"sklearn HashingVectorizer char_wb(3,5) cosine"
code_generation_28,code_generation,context_injection,0.95907,0.8713878547106026,1,"sklearn HashingVectorizer char_wb(3,5) cosine"
code_generation_28,code_generation,formatting_changes,0.894057,0.8219508051556765,1,"sklearn HashingVectorizer char_wb(3,5) cosine"
code_generation_28,code_generation,paraphrasing,0.82525,0.7359509323840809,1,"sklearn HashingVectorizer char_wb(3,5) cosine"
code_generation_28,code_generation,reordering,0.95907,0.8713878547106026,1,"sklearn HashingVectorizer char_wb(3,5) cosine"
code_generation_28,code_generation,surface_noise,0.95907,0.8713878547106026,1,"sklearn HashingVectorizer char_wb(3,5) cosine"
code_generation_31,code_generation,context_injection,0.981649,0.8830139727869573,1,"sklearn HashingVectorizer char_wb(3,5) cosine"
code_generation_31,code_generation,formatting_changes,0.940994,0.8602333197539636,1,"sklearn HashingVectorizer char_wb(3,5) cosine"
code_generation_31,code_generation,paraphrasing,0.913372,0.8394831309797333,0,"sklearn HashingVectorizer char_wb(3,5) cosine"
code_generation_31,code_generation,reordering,0.981649,0.8830139727869573,1,"sklearn HashingVectorizer char_wb(3,5) cosine"
code_generation_31,code_generation,surface_noise,0.981649,0.8830139727869573,1,"sklearn HashingVectorizer char_wb(3,5) cosine"
code_generation_32,code_generation,context_injection,0.835026,0.7505256425064881,1,"sklearn HashingVectorizer char_wb(3,5) cosine"
code_generation_32,code_generation,formatting_changes,0.844507,0.7639106500231547,1,"sklearn HashingVectorizer char_wb(3,5) cosine"
code_generation_32,code_generation,paraphrasing,0.82138,0.7299671706822048,1,"sklearn HashingVectorizer char_wb(3,5) cosine"
code_generation_32,code_generation,reordering,0.814822,0.7195549972576574,0,"sklearn HashingVectorizer char_wb(3,5) cosine"
code_generation_32,code_generation,surface_noise,0.844754,0.7642494279812675,1,"sklearn HashingVectorizer char_wb(3,5) cosine"
code_generation_33,code_generation,context_injection,0.980814,0.8826253421231751,1,"sklearn HashingVectorizer char_wb(3,5) cosine"
code_generation_33,code_generation,formatting_changes,0.971771,0.8782198198740554,1,"sklearn HashingVectorizer char_wb(3,5) cosine"
code_generation_33,code_generation,paraphrasing,0.690336,0.47974927524966504,1,"sklearn HashingVectorizer char_wb(3,5) cosine"
code_generation_33,code_generation,reordering,0.906953,0.8339492060907119,1,"sklearn HashingVectorizer char_wb(3,5) cosine"
code_generation_33,code_generation,surface_noise,0.988537,0.8861077400354851,1,"sklearn HashingVectorizer char_wb(3,5) cosine"
code_generation_34,code_generation,context_injection,0.937214,0.8576705313801505,1,"sklearn HashingVectorizer char_wb(3,5) cosine"
code_generation_34,code_generation,formatting_changes,0.963328,0.8737658653996168,1,"sklearn HashingVectorizer char_wb(3,5) cosine"
code_generation_34,code_generation,paraphrasing,0.674956,0.44945402601204,0,"sklearn HashingVectorizer char_wb(3,5) cosine"
code_generation_34,code_generation,reordering,0.942453,0.8612004115638405,1,"sklearn HashingVectorizer char_wb(3,5) cosine"
code_generation_34,code_generation,surface_noise,0.905056,0.8322589804963239,1,"sklearn HashingVectorizer char_wb(3,5) cosine"
code_generation_35,code_generation,context_injection,0.550816,0.2629005299678585,1,"sklearn HashingVectorizer char_wb(3,5) cosine"
code_generation_35,code_generation,formatting_changes,0.980573,0.8825126165267525,1,"sklearn HashingVectorizer char_wb(3,5) cosine"
code_generation_35,code_generation,paraphrasing,0.941877,0.8608200674771498,0,"sklearn HashingVectorizer char_wb(3,5) cosine"
code_generation_35,code_generation,reordering,0.55961,0.27211210790632523,1,"sklearn HashingVectorizer char_wb(3,5) cosine"
code_generation_35,code_generation,surface_noise,0.829465,0.742330525783421,0,"sklearn HashingVectorizer char_wb(3,5) cosine"
code_generation_37,code_generation,context_injection,0.905645,0.8327864890662688,0,"sklearn HashingVectorizer char_wb(3,5) cosine"
code_generation_37,code_generation,formatting_changes,0.90732,0.8342732880069523,1,"sklearn HashingVectorizer char_wb(3,5) cosine"
code_generation_37,code_generation,paraphrasing,0.853469,0.7758796735577027,1,"sklearn HashingVectorizer char_wb(3,5) cosine"
code_generation_37,code_generation,reordering,0.873962,0.8007741494095164,1,"sklearn HashingVectorizer char_wb(3,5) cosine"
code_generation_37,code_generation,surface_noise,0.86828,0.794212782966609,0,"sklearn HashingVectorizer char_wb(3,5) cosine"
code_generation_38,code_generation,context_injection,0.781419,0.6615709231996116,1,"sklearn HashingVectorizer char_wb(3,5) cosine"
code_generation_38,code_generation,formatting_changes,0.77146,0.6428735610293919,1,"sklearn HashingVectorizer char_wb(3,5) cosine"
code_generation_38,code_generation,paraphrasing,0.720955,0.5419553461157333,1,"sklearn HashingVectorizer char_wb(3,5) cosine"
code_generation_38,code_generation,reordering,0.784601,0.6674219811199855,1,"sklearn HashingVectorizer char_wb(3,5) cosine"
code_generation_38,code_generation,surface_noise,0.750695,0.6023095732219166,0,"sklearn HashingVectorizer char_wb(3,5) cosine"
code_generation_40,code_generation,context_injection,0.927964,0.8510398898862288,1,"sklearn HashingVectorizer char_wb(3,5) cosine"
code_generation_40,code_generation,formatting_changes,0.988818,0.8862297967888872,1,"sklearn HashingVectorizer char_wb(3,5) cosine"
code_generation_40,code_generation,paraphrasing,0.940106,0.8596387274512007,1,"sklearn HashingVectorizer char_wb(3,5) cosine"
code_generation_40,code_generation,reordering,0.841041,0.7591035541941211,1,"sklearn HashingVectorizer char_wb(3,5) cosine"
code_generation_40,code_generation,surface_noise,0.984666,0.884393425358255,1,"sklearn HashingVectorizer char_wb(3,5) cosine"
code_generation_44,code_generation,context_injection,0.838721,0.7558303943483522,1,"sklearn HashingVectorizer char_wb(3,5) cosine"
code_generation_44,code_generation,formatting_changes,0.856297,0.779518914336573,1,"sklearn HashingVectorizer char_wb(3,5) cosine"
code_generation_44,code_generation,paraphrasing,0.772345,0.6445574428793199,0,"sklearn HashingVectorizer char_wb(3,5) cosine"
code_generation_44,code_generation,reordering,0.76097,0.6226159182093637,0,"sklearn HashingVectorizer char_wb(3,5) cosine"
code_generation_44,code_generation,surface_noise,0.864683,0.7899248289376344,1,"sklearn HashingVectorizer char_wb(3,5) cosine"
code_generation_48,code_generation,context_injection,0.997365,0.8897931217433381,1,"sklearn HashingVectorizer char_wb(3,5) cosine"
code_generation_48,code_generation,formatting_changes,0.995523,0.8890491360150781,1,"sklearn HashingVectorizer char_wb(3,5) cosine"
code_generation_48,code_generation,paraphrasing,0.986391,0.885164983966918,0,"sklearn HashingVectorizer char_wb(3,5) cosine"
code_generation_48,code_generation,reordering,1.0,0.8908352069115921,1,"sklearn HashingVectorizer char_wb(3,5) cosine"
code_generation_48,code_generation,surface_noise,1.0,0.8908352069115921,1,"sklearn HashingVectorizer char_wb(3,5) cosine"
code_generation_49,code_generation,context_injection,0.817993,0.724632023583131,0,"sklearn HashingVectorizer char_wb(3,5) cosine"
code_generation_49,code_generation,formatting_changes,0.870828,0.7971870930958576,1,"sklearn HashingVectorizer char_wb(3,5) cosine"
code_generation_49,code_generation,paraphrasing,0.750889,0.602696585858451,0,"sklearn HashingVectorizer char_wb(3,5) cosine"
code_generation_49,code_generation,reordering,0.830942,0.7445318330449924,1,"sklearn HashingVectorizer char_wb(3,5) cosine"
code_generation_49,code_generation,surface_noise,0.881883,0.809493813534621,1,"sklearn HashingVectorizer char_wb(3,5) cosine"
code_generation_60,code_generation,context_injection,0.95016,0.8661105319073255,1,"sklearn HashingVectorizer char_wb(3,5) cosine"
code_generation_60,code_generation,formatting_changes,0.955083,0.8690777765572753,1,"sklearn HashingVectorizer char_wb(3,5) cosine"
code_generation_60,code_generation,paraphrasing,0.781654,0.6620051641305917,0,"sklearn HashingVectorizer char_wb(3,5) cosine"
code_generation_60,code_generation,reordering,0.881655,0.8092496904914268,1,"sklearn HashingVectorizer char_wb(3,5) cosine"
code_generation_60,code_generation,surface_noise,0.973723,0.8792018906879022,0,"sklearn HashingVectorizer char_wb(3,5) cosine"
code_generation_64,code_generation,context_injection,0.943225,0.8617072157570096,1,"sklearn HashingVectorizer char_wb(3,5) cosine"
code_generation_64,code_generation,formatting_changes,0.955963,0.8695947118470271,1,"sklearn HashingVectorizer char_wb(3,5) cosine"
code_generation_64,code_generation,paraphrasing,0.845628,0.7654441271469787,1,"sklearn HashingVectorizer char_wb(3,5) cosine"
code_generation_64,code_generation,reordering,0.908599,0.8353953752820511,1,"sklearn HashingVectorizer char_wb(3,5) cosine"
code_generation_64,code_generation,surface_noise,0.960236,0.8720480784857731,1,"sklearn HashingVectorizer char_wb(3,5) cosine"
code_generation_68,code_generation,context_injection,1.0,0.8908352069115921,1,"sklearn HashingVectorizer char_wb(3,5) cosine"
code_generation_68,code_generation,formatting_changes,1.0,0.8908352069115921,1,"sklearn HashingVectorizer char_wb(3,5) cosine"
code_generation_68,code_generation,paraphrasing,1.0,0.8908352069115921,1,"sklearn HashingVectorizer char_wb(3,5) cosine"
code_generation_68,code_generation,reordering,1.0,0.8908352069115921,1,"sklearn HashingVectorizer char_wb(3,5) cosine"
code_generation_68,code_generation,surface_noise,1.0,0.8908352069115921,1,"sklearn HashingVectorizer char_wb(3,5) cosine"
code_generation_7,code_generation,context_injection,1.0,0.8908352069115921,0,"sklearn HashingVectorizer char_wb(3,5) cosine"
code_generation_7,code_generation,formatting_changes,0.998407,0.8902083081094794,1,"sklearn HashingVectorizer char_wb(3,5) cosine"
code_generation_7,code_generation,paraphrasing,0.967044,0.8757681380420201,1,"sklearn HashingVectorizer char_wb(3,5) cosine"
code_generation_7,code_generation,reordering,0.992035,0.8876045782353854,1,"sklearn HashingVectorizer char_wb(3,5) cosine"
code_generation_7,code_generation,surface_noise,0.992035,0.8876045782353854,0,"sklearn HashingVectorizer char_wb(3,5) cosine"
code_generation_71,code_generation,context_injection,0.959835,0.8718217956981107,1,"sklearn HashingVectorizer char_wb(3,5) cosine"
code_generation_71,code_generation,formatting_changes,0.949665,0.8658050025063453,1,"sklearn HashingVectorizer char_wb(3,5) cosine"
code_generation_71,code_generation,paraphrasing,0.959964,0.8718946784003967,0,"sklearn HashingVectorizer char_wb(3,5) cosine"
code_generation_71,code_generation,reordering,0.895603,0.8234529534188995,1,"sklearn HashingVectorizer char_wb(3,5) cosine"
code_generation_71,code_generation,surface_noise,0.955532,0.8693420350072367,1,"sklearn HashingVectorizer char_wb(3,5) cosine"
code_generation_75,code_generation,context_injection,0.795399,0.686791307382207,0,"sklearn HashingVectorizer char_wb(3,5) cosine"
code_generation_75,code_generation,formatting_changes,0.896797,0.8246010221884508,0,"sklearn HashingVectorizer char_wb(3,5) cosine"
code_generation_75,code_generation,paraphrasing,0.8736,0.8003638180808517,1,"sklearn HashingVectorizer char_wb(3,5) cosine"
code_generation_75,code_generation,reordering,0.864958,0.7902563534055449,0,"sklearn HashingVectorizer char_wb(3,5) cosine"
code_generation_75,code_generation,surface_noise,0.711615,0.5228427938827157,1,"sklearn HashingVectorizer char_wb(3,5) cosine"
code_generation_78,code_generation,context_injection,0.800521,0.6957005690182361,1,"sklearn HashingVectorizer char_wb(3,5) cosine"
code_generation_78,code_generation,formatting_changes,0.901685,0.8291925583816835,1,"sklearn HashingVectorizer char_wb(3,5) cosine"
code_generation_78,code_generation,paraphrasing,0.708485,0.5164517174695108,0,"sklearn HashingVectorizer char_wb(3,5) cosine"
code_generation_78,code_generation,reordering,0.926225,0.8497346017006104,1,"sklearn HashingVectorizer char_wb(3,5) cosine"
code_generation_78,code_generation,surface_noise,0.904201,0.8314888800991111,1,"sklearn HashingVectorizer char_wb(3,5) cosine"
code_generation_82,code_generation,context_injection,0.889306,0.817223105606004,1,"sklearn HashingVectorizer char_wb(3,5) cosine"
code_generation_82,code_generation,formatting_changes,0.848507,0.7693348252424472,1,"sklearn HashingVectorizer char_wb(3,5) cosine"
code_generation_82,code_generation,paraphrasing,0.812408,0.7156373590878491,1,"sklearn HashingVectorizer char_wb(3,5) cosine"
code_generation_82,code_generation,reordering,0.643748,0.3917121331324357,0,"sklearn HashingVectorizer char_wb(3,5) cosine"
code_generation_82,code_generation,surface_noise,0.884069,0.8118139603849681,1,"sklearn HashingVectorizer char_wb(3,5) cosine"
code_generation_83,code_generation,context_injection,0.918389,0.843613578713122,1,"sklearn HashingVectorizer char_wb(3,5) cosine"
code_generation_83,code_generation,formatting_changes,0.904813,0.8320406359975032,1,"sklearn HashingVectorizer char_wb(3,5) cosine"
code_generation_83,code_generation,paraphrasing,0.914996,0.8408385990956215,1,"sklearn HashingVectorizer char_wb(3,5) cosine"
code_generation_83,code_generation,reordering,0.949244,0.8655441021706738,1,"sklearn HashingVectorizer char_wb(3,5) cosine"
code_generation_83,code_generation,surface_noise,0.937497,0.8578652923515209,0,"sklearn HashingVectorizer char_wb(3,5) cosine"
code_generation_85,code_generation,context_injection,0.714737,0.529226749003262,1,"sklearn HashingVectorizer char_wb(3,5) cosine"
code_generation_85,code_generation,formatting_changes,0.871246,0.7976700544353297,1,"sklearn HashingVectorizer char_wb(3,5) cosine"
code_generation_85,code_generation,paraphrasing,0.853404,0.7757952529548615,1,"sklearn HashingVectorizer char_wb(3,5) cosine"
code_generation_85,code_generation,reordering,0.85844,0.7822328457077989,0,"sklearn HashingVectorizer char_wb(3,5) cosine"
code_generation_85,code_generation,surface_noise,0.892056,0.81998021794438,1,"sklearn HashingVectorizer char_wb(3,5) cosine"
code_generation_92,code_generation,context_injection,0.96316,0.8736737504925778,1,"sklearn HashingVectorizer char_wb(3,5) cosine"
code_generation_92,code_generation,formatting_changes,0.972413,0.8785447474311949,0,"sklearn HashingVectorizer char_wb(3,5) cosine"
code_generation_92,code_generation,paraphrasing,0.840169,0.7578785129193231,1,"sklearn HashingVectorizer char_wb(3,5) cosine"
code_generation_92,code_generation,reordering,0.958314,0.8709560993039542,1,"sklearn HashingVectorizer char_wb(3,5) cosine"
code_generation_92,code_generation,surface_noise,0.963301,0.8737510705941718,1,"sklearn HashingVectorizer char_wb(3,5) cosine"
factual_qa_10038,factual_qa,context_injection,1.0,0.9608352069115922,1,"sklearn HashingVectorizer char_wb(3,5) cosine"
factual_qa_10038,factual_qa,formatting_changes,0.820358,0.798366939897321,1,"sklearn HashingVectorizer char_wb(3,5) cosine"
factual_qa_10038,factual_qa,paraphrasing,0.386755,0.24288413331499095,0,"sklearn HashingVectorizer char_wb(3,5) cosine"
factual_qa_10038,factual_qa,reordering,0.494885,0.2870662538025239,1,"sklearn HashingVectorizer char_wb(3,5) cosine"
factual_qa_10038,factual_qa,surface_noise,1.0,0.9608352069115922,1,"sklearn HashingVectorizer char_wb(3,5) cosine"
factual_qa_10197,factual_qa,context_injection,1.0,0.9608352069115922,1,"sklearn HashingVectorizer char_wb(3,5) cosine"
factual_qa_10197,factual_qa,formatting_changes,1.0,0.9608352069115922,1,"sklearn HashingVectorizer char_wb(3,5) cosine"
factual_qa_10197,factual_qa,paraphrasing,0.354267,0.23640909382432274,0,"sklearn HashingVectorizer char_wb(3,5) cosine"
factual_qa_10197,factual_qa,reordering,0.848876,0.839828536824115,1,"sklearn HashingVectorizer char_wb(3,5) cosine"
factual_qa_10197,factual_qa,surface_noise,1.0,0.9608352069115922,1,"sklearn HashingVectorizer char_wb(3,5) cosine"
factual_qa_10550,factual_qa,context_injection,0.741006,0.6528362672798933,1,"sklearn HashingVectorizer char_wb(3,5) cosine"
factual_qa_10550,factual_qa,formatting_changes,0.834326,0.8195080189539916,1,"sklearn HashingVectorizer char_wb(3,5) cosine"
factual_qa_10550,factual_qa,paraphrasing,0.365823,0.23847583036830636,0,"sklearn HashingVectorizer char_wb(3,5) cosine"
factual_qa_10550,factual_qa,reordering,0.808417,0.7790620379776041,1,"sklearn HashingVectorizer char_wb(3,5) cosine"
factual_qa_10550,factual_qa,surface_noise,0.852396,0.8444816232875727,1,"sklearn HashingVectorizer char_wb(3,5) cosine"
factual_qa_10779,factual_qa,context_injection,0.967411,0.9459622681145181,1,"sklearn HashingVectorizer char_wb(3,5) cosine"
factual_qa_10779,factual_qa,formatting_changes,0.825476,0.8062966463445347,0,"sklearn HashingVectorizer char_wb(3,5) cosine"
factual_qa_10779,factual_qa,paraphrasing,0.341443,0.23437998744913704,1,"sklearn HashingVectorizer char_wb(3,5) cosine"
factual_qa_10779,factual_qa,reordering,0.75867,0.68810667767979,1,"sklearn HashingVectorizer char_wb(3,5) cosine"
factual_qa_10779,factual_qa,surface_noise,0.983705,0.9539582043654737,1,"sklearn HashingVectorizer char_wb(3,5) cosine"
factual_qa_10908,factual_qa,context_injection,0.891509,0.8894363294616354,1,"sklearn HashingVectorizer char_wb(3,5) cosine"
factual_qa_10908,factual_qa,formatting_changes,0.898652,0.8963639431280581,1,"sklearn HashingVectorizer char_wb(3,5) cosine"
factual_qa_10908,factual_qa,paraphrasing,0.75178,0.674472412324747,1,"sklearn HashingVectorizer char_wb(3,5) cosine"
factual_qa_10908,factual_qa,reordering,0.859764,0.853890751018227,1,"sklearn HashingVectorizer char_wb(3,5) cosine"
factual_qa_10908,factual_qa,surface_noise,0.861181,0.8556492128621032,1,"sklearn HashingVectorizer char_wb(3,5) cosine"
factual_qa_11075,factual_qa,context_injection,1.0,0.9608352069115922,1,"sklearn HashingVectorizer char_wb(3,5) cosine"
factual_qa_11075,factual_qa,formatting_changes,1.0,0.9608352069115922,1,"sklearn HashingVectorizer char_wb(3,5) cosine"
factual_qa_11075,factual_qa,paraphrasing,0.422983,0.25302779487108157,0,"sklearn HashingVectorizer char_wb(3,5) cosine"
factual_qa_11075,factual_qa,reordering,1.0,0.9608352069115922,1,"sklearn HashingVectorizer char_wb(3,5) cosine"
factual_qa_11075,factual_qa,surface_noise,1.0,0.9608352069115922,1,"sklearn HashingVectorizer char_wb(3,5) cosine"
factual_qa_11262,factual_qa,context_injection,0.981108,0.9527625190911375,1,"sklearn HashingVectorizer char_wb(3,5) cosine"
factual_qa_11262,factual_qa,formatting_changes,0.981108,0.9527625190911375,1,"sklearn HashingVectorizer char_wb(3,5) cosine"
factual_qa_11262,factual_qa,paraphrasing,0.522212,0.3068723794536498,0,"sklearn HashingVectorizer char_wb(3,5) cosine"
factual_qa_11262,factual_qa,reordering,0.931574,0.9236895231160822,1,"sklearn HashingVectorizer char_wb(3,5) cosine"
factual_qa_11262,factual_qa,surface_noise,0.981108,0.9527625190911375,1,"sklearn HashingVectorizer char_wb(3,5) cosine"
factual_qa_11313,factual_qa,context_injection,0.959061,0.9413827318671335,0,"sklearn HashingVectorizer char_wb(3,5) cosine"
factual_qa_11313,factual_qa,formatting_changes,0.962191,0.9431397240460189,1,"sklearn HashingVectorizer char_wb(3,5) cosine"
factual_qa_11313,factual_qa,paraphrasing,0.54006,0.32242672829253277,0,"sklearn HashingVectorizer char_wb(3,5) cosine"
factual_qa_11313,factual_qa,reordering,0.861889,0.8565216758969065,1,"sklearn HashingVectorizer char_wb(3,5) cosine"
factual_qa_11313,factual_qa,surface_noise,0.883176,0.8808706242839328,1,"sklearn HashingVectorizer char_wb(3,5) cosine"
factual_qa_11559,factual_qa,context_injection,0.887993,0.8858865810073733,1,"sklearn HashingVectorizer char_wb(3,5) cosine"
factual_qa_11559,factual_qa,formatting_changes,0.898623,0.8963365757890265,1,"sklearn HashingVectorizer char_wb(3,5) cosine"
factual_qa_11559,factual_qa,paraphrasing,0.641412,0.45763984535392094,0,"sklearn HashingVectorizer char_wb(3,5) cosine"
factual_qa_11559,factual_qa,reordering,0.772438,0.714734150887424,1,"sklearn HashingVectorizer char_wb(3,5) cosine"
factual_qa_11559,factual_qa,surface_noise,0.90194,0.8994273535822326,1,"sklearn HashingVectorizer char_wb(3,5) cosine"
factual_qa_11773,factual_qa,context_injection,0.831515,0.8153810289260346,1,"sklearn HashingVectorizer char_wb(3,5) cosine"
factual_qa_11773,factual_qa,formatting_changes,0.888404,0.8863063500687103,1,"sklearn HashingVectorizer char_wb(3,5) cosine"
factual_qa_11773,factual_qa,paraphrasing,0.799932,0.7646855580746887,1,"sklearn HashingVectorizer char_wb(3,5) cosine"
factual_qa_11773,factual_qa,reordering,0.83123,0.8149589896312053,1,"sklearn HashingVectorizer char_wb(3,5) cosine"
factual_qa_11773,factual_qa,surface_noise,0.852172,0.844188566982776,1,"sklearn HashingVectorizer char_wb(3,5) cosine"
factual_qa_1292,factual_qa,context_injection,0.984298,0.9542272220058525,0,"sklearn HashingVectorizer char_wb(3,5) cosine"
factual_qa_1292,factual_qa,formatting_changes,0.965456,0.9449206844091147,1,"sklearn HashingVectorizer char_wb(3,5) cosine"
factual_qa_1292,factual_qa,paraphrasing,0.576922,0.3620223281382485,1,"sklearn HashingVectorizer char_wb(3,5) cosine"
factual_qa_1292,factual_qa,reordering,0.922343,0.9167517075830527,1,"sklearn HashingVectorizer char_wb(3,5) cosine"
factual_qa_1292,factual_qa,surface_noise,0.97596,0.9503060268501147,1,"sklearn HashingVectorizer char_wb(3,5) cosine"
factual_qa_1302,factual_qa,context_injection,0.667962,0.5060262116524897,0,"sklearn HashingVectorizer char_wb(3,5) cosine"
factual_qa_1302,factual_qa,formatting_changes,0.925503,0.9191870805668167,1,"sklearn HashingVectorizer char_wb(3,5) cosine"
factual_qa_1302,factual_qa,paraphrasing,0.6195,0.42141022078843937,1,"sklearn HashingVectorizer char_wb(3,5) cosine"
factual_qa_1302,factual_qa,reordering,0.602561,0.39599737006613783,1,"sklearn HashingVectorizer char_wb(3,5) cosine"
factual_qa_1302,factual_qa,surface_noise,0.862518,0.8572933566505694,1,"sklearn HashingVectorizer char_wb(3,5) cosine"
factual_qa_1601,factual_qa,context_injection,0.980196,0.9523357749418546,1,"sklearn HashingVectorizer char_wb(3,5) cosine"
factual_qa_1601,factual_qa,formatting_changes,0.985597,0.9548113776500515,1,"sklearn HashingVectorizer char_wb(3,5) cosine"
factual_qa_1601,factual_qa,paraphrasing,0.3579,0.2370332022853331,0,"sklearn HashingVectorizer char_wb(3,5) cosine"
factual_qa_1601,factual_qa,reordering,0.913549,0.909631728381066,1,"sklearn HashingVectorizer char_wb(3,5) cosine"
factual_qa_1601,factual_qa,surface_noise,0.990998,0.9571659220916664,1,"sklearn HashingVectorizer char_wb(3,5) cosine"
factual_qa_2022,factual_qa,context_injection,0.966539,0.9454999558647492,1,"sklearn HashingVectorizer char_wb(3,5) cosine"
factual_qa_2022,factual_qa,formatting_changes,1.0,0.9608352069115922,1,"sklearn HashingVectorizer char_wb(3,5) cosine"
factual_qa_2022,factual_qa,paraphrasing,0.422889,0.25299659086127396,0,"sklearn HashingVectorizer char_wb(3,5) cosine"
factual_qa_2022,factual_qa,reordering,1.0,0.9608352069115922,1,"sklearn HashingVectorizer char_wb(3,5) cosine"
factual_qa_2022,factual_qa,surface_noise,1.0,0.9608352069115922,1,"sklearn HashingVectorizer char_wb(3,5) cosine"
factual_qa_2289,factual_qa,context_injection,0.919424,0.9144448841128814,1,"sklearn HashingVectorizer char_wb(3,5) cosine"
factual_qa_2289,factual_qa,formatting_changes,0.914194,0.9101714347807814,1,"sklearn HashingVectorizer char_wb(3,5) cosine"
factual_qa_2289,factual_qa,paraphrasing,0.773713,0.7171520606696183,1,"sklearn HashingVectorizer char_wb(3,5) cosine"
factual_qa_2289,factual_qa,reordering,0.899669,0.8973198235644473,1,"sklearn HashingVectorizer char_wb(3,5) cosine"
factual_qa_2289,factual_qa,surface_noise,0.909329,0.9060307210150464,1,"sklearn HashingVectorizer char_wb(3,5) cosine"
factual_qa_2682,factual_qa,context_injection,0.902533,0.8999715662599561,1,"sklearn HashingVectorizer char_wb(3,5) cosine"
factual_qa_2682,factual_qa,formatting_changes,0.90539,0.9025584113427869,1,"sklearn HashingVectorizer char_wb(3,5) cosine"
factual_qa_2682,factual_qa,paraphrasing,0.684246,0.5376415331108281,0,"sklearn HashingVectorizer char_wb(3,5) cosine"
factual_qa_2682,factual_qa,reordering,0.846514,0.8366487778132026,1,"sklearn HashingVectorizer char_wb(3,5) cosine"
factual_qa_2682,factual_qa,surface_noise,0.901797,0.8992957415511527,1,"sklearn HashingVectorizer char_wb(3,5) cosine"
factual_qa_3095,factual_qa,context_injection,0.882741,0.8804088732074702,1,"sklearn HashingVectorizer char_wb(3,5) cosine"
factual_qa_3095,factual_qa,formatting_changes,0.883193,0.8808886400199831,1,"sklearn HashingVectorizer char_wb(3,5) cosine"
factual_qa_3095,factual_qa,paraphrasing,0.828282,0.8105545657166817,1,"sklearn HashingVectorizer char_wb(3,5) cosine"
factual_qa_3095,factual_qa,reordering,0.871241,0.8676642856525769,0,"sklearn HashingVectorizer char_wb(3,5) cosine"
factual_qa_3095,factual_qa,surface_noise,0.894378,0.8922641550336778,1,"sklearn HashingVectorizer char_wb(3,5) cosine"
factual_qa_3135,factual_qa,context_injection,0.662562,0.49583530925964436,0,"sklearn HashingVectorizer char_wb(3,5) cosine"
factual_qa_3135,factual_qa,formatting_changes,0.66333,0.4972747332627112,1,"sklearn HashingVectorizer char_wb(3,5) cosine"
factual_qa_3135,factual_qa,paraphrasing,0.494231,0.2866465035265961,0,"sklearn HashingVectorizer char_wb(3,5) cosine"
factual_qa_3135,factual_qa,reordering,0.619811,0.4218984794877667,0,"sklearn HashingVectorizer char_wb(3,5) cosine"
factual_qa_3135,factual_qa,surface_noise,0.714947,0.5996564088135372,0,"sklearn HashingVectorizer char_wb(3,5) cosine"
factual_qa_3339,factual_qa,context_injection,1.0,0.9608352069115922,0,"sklearn HashingVectorizer char_wb(3,5) cosine"
factual_qa_3339,factual_qa,formatting_changes,1.0,0.9608352069115922,1,"sklearn HashingVectorizer char_wb(3,5) cosine"
factual_qa_3339,factual_qa,paraphrasing,0.145976,0.22187692107979323,0,"sklearn HashingVectorizer char_wb(3,5) cosine"
factual_qa_3339,factual_qa,reordering,0.055048,0.22072351782376193,0,"sklearn HashingVectorizer char_wb(3,5) cosine"
factual_qa_3339,factual_qa,surface_noise,1.0,0.9608352069115922,1,"sklearn HashingVectorizer char_wb(3,5) cosine"
factual_qa_3373,factual_qa,context_injection,1.0,0.9608352069115922,1,"sklearn HashingVectorizer char_wb(3,5) cosine"
factual_qa_3373,factual_qa,formatting_changes,1.0,0.9608352069115922,1,"sklearn HashingVectorizer char_wb(3,5) cosine"
factual_qa_3373,factual_qa,paraphrasing,0.566922,0.3502297110069177,0,"sklearn HashingVectorizer char_wb(3,5) cosine"
factual_qa_3373,factual_qa,reordering,0.937054,0.9275602103739204,1,"sklearn HashingVectorizer char_wb(3,5) cosine"
factual_qa_3373,factual_qa,surface_noise,1.0,0.9608352069115922,1,"sklearn HashingVectorizer char_wb(3,5) cosine"
factual_qa_3740,factual_qa,context_injection,1.0,0.9608352069115922,1,"sklearn HashingVectorizer char_wb(3,5) cosine"
factual_qa_3740,factual_qa,formatting_changes,1.0,0.9608352069115922,1,"sklearn HashingVectorizer char_wb(3,5) cosine"
factual_qa_3740,factual_qa,paraphrasing,0.035019,0.22058639675993733,0,"sklearn HashingVectorizer char_wb(3,5) cosine"
factual_qa_3740,factual_qa,reordering,0.851946,0.8438924743533625,0,"sklearn HashingVectorizer char_wb(3,5) cosine"
factual_qa_3740,factual_qa,surface_noise,1.0,0.9608352069115922,1,"sklearn HashingVectorizer char_wb(3,5) cosine"
factual_qa_3976,factual_qa,context_injection,1.0,0.9608352069115922,1,"sklearn HashingVectorizer char_wb(3,5) cosine"
factual_qa_3976,factual_qa,formatting_changes,1.0,0.9608352069115922,1,"sklearn HashingVectorizer char_wb(3,5) cosine"
factual_qa_3976,factual_qa,paraphrasing,0.354956,0.2365257116208318,1,"sklearn HashingVectorizer char_wb(3,5) cosine"
factual_qa_3976,factual_qa,reordering,1.0,0.9608352069115922,1,"sklearn HashingVectorizer char_wb(3,5) cosine"
factual_qa_3976,factual_qa,surface_noise,1.0,0.9608352069115922,1,"sklearn HashingVectorizer char_wb(3,5) cosine"
factual_qa_4029,factual_qa,context_injection,0.981474,0.9529327711694031,0,"sklearn HashingVectorizer char_wb(3,5) cosine"
factual_qa_4029,factual_qa,formatting_changes,0.976421,0.9505307703702646,1,"sklearn HashingVectorizer char_wb(3,5) cosine"
factual_qa_4029,factual_qa,paraphrasing,0.591883,0.38118820783671864,0,"sklearn HashingVectorizer char_wb(3,5) cosine"
factual_qa_4029,factual_qa,reordering,0.985105,0.9545909547345228,1,"sklearn HashingVectorizer char_wb(3,5) cosine"
factual_qa_4029,factual_qa,surface_noise,0.976421,0.9505307703702646,1,"sklearn HashingVectorizer char_wb(3,5) cosine"
factual_qa_4277,factual_qa,context_injection,0.911817,0.9081685125812133,1,"sklearn HashingVectorizer char_wb(3,5) cosine"
factual_qa_4277,factual_qa,formatting_changes,1.0,0.9608352069115922,1,"sklearn HashingVectorizer char_wb(3,5) cosine"
factual_qa_4277,factual_qa,paraphrasing,0.549383,0.33145540954980923,1,"sklearn HashingVectorizer char_wb(3,5) cosine"
factual_qa_4277,factual_qa,reordering,1.0,0.9608352069115922,1,"sklearn HashingVectorizer char_wb(3,5) cosine"
factual_qa_4277,factual_qa,surface_noise,1.0,0.9608352069115922,0,"sklearn HashingVectorizer char_wb(3,5) cosine"
factual_qa_5271,factual_qa,context_injection,0.651449,0.475403370853794,0,"sklearn HashingVectorizer char_wb(3,5) cosine"
factual_qa_5271,factual_qa,formatting_changes,0.754656,0.6801854002132184,1,"sklearn HashingVectorizer char_wb(3,5) cosine"
factual_qa_5271,factual_qa,paraphrasing,0.666649,0.5035335409537602,0,"sklearn HashingVectorizer char_wb(3,5) cosine"
factual_qa_5271,factual_qa,reordering,0.698651,0.56647005068138,0,"sklearn HashingVectorizer char_wb(3,5) cosine"
factual_qa_5271,factual_qa,surface_noise,0.796851,0.7593357531355107,1,"sklearn HashingVectorizer char_wb(3,5) cosine"
factual_qa_5359,factual_qa,context_injection,0.75913,0.689010311749771,0,"sklearn HashingVectorizer char_wb(3,5) cosine"
factual_qa_5359,factual_qa,formatting_changes,0.580458,0.3663862339826562,0,"sklearn HashingVectorizer char_wb(3,5) cosine"
factual_qa_5359,factual_qa,paraphrasing,0.539481,0.3218870075011912,0,"sklearn HashingVectorizer char_wb(3,5) cosine"
factual_qa_5359,factual_qa,reordering,0.677898,0.5251731297172874,1,"sklearn HashingVectorizer char_wb(3,5) cosine"
factual_qa_5359,factual_qa,surface_noise,0.825061,0.8056615009229726,1,"sklearn HashingVectorizer char_wb(3,5) cosine"
factual_qa_5525,factual_qa,context_injection,0.87131,0.8677438771830686,1,"sklearn HashingVectorizer char_wb(3,5) cosine"
factual_qa_5525,factual_qa,formatting_changes,0.883532,0.8812474288119918,1,"sklearn HashingVectorizer char_wb(3,5) cosine"
factual_qa_5525,factual_qa,paraphrasing,0.753587,0.6780653906690766,1,"sklearn HashingVectorizer char_wb(3,5) cosine"
factual_qa_5525,factual_qa,reordering,0.866625,0.8622528709442743,0,"sklearn HashingVectorizer char_wb(3,5) cosine"
factual_qa_5525,factual_qa,surface_noise,0.880996,0.8785418178322673,1,"sklearn HashingVectorizer char_wb(3,5) cosine"
factual_qa_6353,factual_qa,context_injection,0.787822,0.7432800522101386,0,"sklearn HashingVectorizer char_wb(3,5) cosine"
factual_qa_6353,factual_qa,formatting_changes,0.851193,0.8429028921738955,1,"sklearn HashingVectorizer char_wb(3,5) cosine"
factual_qa_6353,factual_qa,paraphrasing,0.521838,0.3065696892407388,0,"sklearn HashingVectorizer char_wb(3,5) cosine"
factual_qa_6353,factual_qa,reordering,0.660811,0.4925662423224209,0,"sklearn HashingVectorizer char_wb(3,5) cosine"
factual_qa_6353,factual_qa,surface_noise,0.853845,0.8463673306496273,1,"sklearn HashingVectorizer char_wb(3,5) cosine"
factual_qa_6442,factual_qa,context_injection,0.9385,0.9285517703357866,1,"sklearn HashingVectorizer char_wb(3,5) cosine"
factual_qa_6442,factual_qa,formatting_changes,0.938806,0.9287600319868183,1,"sklearn HashingVectorizer char_wb(3,5) cosine"
factual_qa_6442,factual_qa,paraphrasing,0.577925,0.363249796318825,0,"sklearn HashingVectorizer char_wb(3,5) cosine"
factual_qa_6442,factual_qa,reordering,0.794213,0.7547021203298498,0,"sklearn HashingVectorizer char_wb(3,5) cosine"
factual_qa_6442,factual_qa,surface_noise,0.938806,0.9287600319868183,1,"sklearn HashingVectorizer char_wb(3,5) cosine"
factual_qa_6460,factual_qa,context_injection,0.572409,0.35660046960302,0,"sklearn HashingVectorizer char_wb(3,5) cosine"
factual_qa_6460,factual_qa,formatting_changes,1.0,0.9608352069115922,1,"sklearn HashingVectorizer char_wb(3,5) cosine"
factual_qa_6460,factual_qa,paraphrasing,0.588573,0.37678908679400347,0,"sklearn HashingVectorizer char_wb(3,5) cosine"
factual_qa_6460,factual_qa,reordering,0.896874,0.8946747006745857,1,"sklearn HashingVectorizer char_wb(3,5) cosine"
factual_qa_6460,factual_qa,surface_noise,1.0,0.9608352069115922,1,"sklearn HashingVectorizer char_wb(3,5) cosine"
factual_qa_6578,factual_qa,context_injection,1.0,0.9608352069115922,1,"sklearn HashingVectorizer char_wb(3,5) cosine"
factual_qa_6578,factual_qa,formatting_changes,1.0,0.9608352069115922,1,"sklearn HashingVectorizer char_wb(3,5) cosine"
factual_qa_6578,factual_qa,paraphrasing,0.407306,0.24819623175794958,0,"sklearn HashingVectorizer char_wb(3,5) cosine"
factual_qa_6578,factual_qa,reordering,1.0,0.9608352069115922,1,"sklearn HashingVectorizer char_wb(3,5) cosine"
factual_qa_6578,factual_qa,surface_noise,1.0,0.9608352069115922,1,"sklearn HashingVectorizer char_wb(3,5) cosine"
factual_qa_6819,factual_qa,context_injection,0.903665,0.9010034611347406,1,"sklearn HashingVectorizer char_wb(3,5) cosine"
factual_qa_6819,factual_qa,formatting_changes,0.903665,0.9010034611347406,1,"sklearn HashingVectorizer char_wb(3,5) cosine"
factual_qa_6819,factual_qa,paraphrasing,0.418448,0.25155408154149705,0,"sklearn HashingVectorizer char_wb(3,5) cosine"
factual_qa_6819,factual_qa,reordering,0.903665,0.9010034611347406,1,"sklearn HashingVectorizer char_wb(3,5) cosine"
factual_qa_6819,factual_qa,surface_noise,0.903665,0.9010034611347406,0,"sklearn HashingVectorizer char_wb(3,5) cosine"
factual_qa_684,factual_qa,context_injection,0.662863,0.49639905602220225,0,"sklearn HashingVectorizer char_wb(3,5) cosine"
factual_qa_684,factual_qa,formatting_changes,1.0,0.9608352069115922,1,"sklearn HashingVectorizer char_wb(3,5) cosine"
factual_qa_684,factual_qa,paraphrasing,0.215661,0.22389126049015032,1,"sklearn HashingVectorizer char_wb(3,5) cosine"
factual_qa_684,factual_qa,reordering,0.573724,0.3581632535076244,0,"sklearn HashingVectorizer char_wb(3,5) cosine"
factual_qa_684,factual_qa,surface_noise,0.993362,0.9581597314014909,1,"sklearn HashingVectorizer char_wb(3,5) cosine"
factual_qa_7048,factual_qa,context_injection,0.764076,0.698668628818943,1,"sklearn HashingVectorizer char_wb(3,5) cosine"
factual_qa_7048,factual_qa,formatting_changes,0.841673,0.829987499814494,1,"sklearn HashingVectorizer char_wb(3,5) cosine"
factual_qa_7048,factual_qa,paraphrasing,0.655451,0.4826731319084043,1,"sklearn HashingVectorizer char_wb(3,5) cosine"
factual_qa_7048,factual_qa,reordering,0.787638,0.7429472014336982,0,"sklearn HashingVectorizer char_wb(3,5) cosine"
factual_qa_7048,factual_qa,surface_noise,0.861492,0.8560329598346346,1,"sklearn HashingVectorizer char_wb(3,5) cosine"
factual_qa_7187,factual_qa,context_injection,0.837593,0.8242229061973794,0,"sklearn HashingVectorizer char_wb(3,5) cosine"
factual_qa_7187,factual_qa,formatting_changes,0.913661,0.9097256465744685,1,"sklearn HashingVectorizer char_wb(3,5) cosine"
factual_qa_7187,factual_qa,paraphrasing,0.512853,0.2995709856810469,0,"sklearn HashingVectorizer char_wb(3,5) cosine"
factual_qa_7187,factual_qa,reordering,0.487539,0.2824865419250648,0,"sklearn HashingVectorizer char_wb(3,5) cosine"
factual_qa_7187,factual_qa,surface_noise,0.913661,0.9097256465744685,1,"sklearn HashingVectorizer char_wb(3,5) cosine"
factual_qa_720,factual_qa,context_injection,0.934654,0.925887186959305,1,"sklearn HashingVectorizer char_wb(3,5) cosine"
factual_qa_720,factual_qa,formatting_changes,0.869142,0.865224847057255,1,"sklearn HashingVectorizer char_wb(3,5) cosine"
factual_qa_720,factual_qa,paraphrasing,0.558842,0.3412838548368138,1,"sklearn HashingVectorizer char_wb(3,5) cosine"
factual_qa_720,factual_qa,reordering,0.822537,0.8017687125174024,1,"sklearn HashingVectorizer char_wb(3,5) cosine"
factual_qa_720,factual_qa,surface_noise,0.910586,0.9071161043034695,1,"sklearn HashingVectorizer char_wb(3,5) cosine"
factual_qa_7525,factual_qa,context_injection,0.806931,0.7765828683773117,1,"sklearn HashingVectorizer char_wb(3,5) cosine"
factual_qa_7525,factual_qa,formatting_changes,0.818182,0.7949321297684959,1,"sklearn HashingVectorizer char_wb(3,5) cosine"
factual_qa_7525,factual_qa,paraphrasing,0.553192,0.33533089360492646,0,"sklearn HashingVectorizer char_wb(3,5) cosine"
factual_qa_7525,factual_qa,reordering,0.741948,0.6547406937512092,1,"sklearn HashingVectorizer char_wb(3,5) cosine"
factual_qa_7525,factual_qa,surface_noise,0.807248,0.7771131312878121,1,"sklearn HashingVectorizer char_wb(3,5) cosine"
factual_qa_7699,factual_qa,context_injection,0.714834,0.5994252077264886,0,"sklearn HashingVectorizer char_wb(3,5) cosine"
factual_qa_7699,factual_qa,formatting_changes,0.85573,0.8487945419909357,1,"sklearn HashingVectorizer char_wb(3,5) cosine"
factual_qa_7699,factual_qa,paraphrasing,0.53062,0.3139250297195358,0,"sklearn HashingVectorizer char_wb(3,5) cosine"
factual_qa_7699,factual_qa,reordering,0.771724,0.7133763066596064,1,"sklearn HashingVectorizer char_wb(3,5) cosine"
factual_qa_7699,factual_qa,surface_noise,0.830583,0.8139984212570222,1,"sklearn HashingVectorizer char_wb(3,5) cosine"
factual_qa_7854,factual_qa,context_injection,1.0,0.9608352069115922,1,"sklearn HashingVectorizer char_wb(3,5) cosine"
factual_qa_7854,factual_qa,formatting_changes,0.968749,0.9466645877140798,1,"sklearn HashingVectorizer char_wb(3,5) cosine"
factual_qa_7854,factual_qa,paraphrasing,0.421856,0.2526555301006564,1,"sklearn HashingVectorizer char_wb(3,5) cosine"
factual_qa_7854,factual_qa,reordering,1.0,0.9608352069115922,1,"sklearn HashingVectorizer char_wb(3,5) cosine"
factual_qa_7854,factual_qa,surface_noise,1.0,0.9608352069115922,1,"sklearn HashingVectorizer char_wb(3,5) cosine"
factual_qa_7989,factual_qa,context_injection,1.0,0.9608352069115922,1,"sklearn HashingVectorizer char_wb(3,5) cosine"
factual_qa_7989,factual_qa,formatting_changes,1.0,0.9608352069115922,0,"sklearn HashingVectorizer char_wb(3,5) cosine"
factual_qa_7989,factual_qa,paraphrasing,0.480822,0.27855070324439746,0,"sklearn HashingVectorizer char_wb(3,5) cosine"
factual_qa_7989,factual_qa,reordering,0.555708,0.3379514292255387,1,"sklearn HashingVectorizer char_wb(3,5) cosine"
factual_qa_7989,factual_qa,surface_noise,1.0,0.9608352069115922,1,"sklearn HashingVectorizer char_wb(3,5) cosine"
factual_qa_800,factual_qa,context_injection,0.754336,0.6795512287272407,1,"sklearn HashingVectorizer char_wb(3,5) cosine"
factual_qa_800,factual_qa,formatting_changes,0.950867,0.9365446177535648,1,"sklearn HashingVectorizer char_wb(3,5) cosine"
factual_qa_800,factual_qa,paraphrasing,0.486127,0.28163962110858737,0,"sklearn HashingVectorizer char_wb(3,5) cosine"
factual_qa_800,factual_qa,reordering,0.884877,0.8826622096002099,0,"sklearn HashingVectorizer char_wb(3,5) cosine"
factual_qa_800,factual_qa,surface_noise,1.0,0.9608352069115922,1,"sklearn HashingVectorizer char_wb(3,5) cosine"
factual_qa_8049,factual_qa,context_injection,1.0,0.9608352069115922,1,"sklearn HashingVectorizer char_wb(3,5) cosine"
factual_qa_8049,factual_qa,formatting_changes,1.0,0.9608352069115922,1,"sklearn HashingVectorizer char_wb(3,5) cosine"
factual_qa_8049,factual_qa,paraphrasing,0.590075,0.3787740806053494,1,"sklearn HashingVectorizer char_wb(3,5) cosine"
factual_qa_8049,factual_qa,reordering,1.0,0.9608352069115922,1,"sklearn HashingVectorizer char_wb(3,5) cosine"
factual_qa_8049,factual_qa,surface_noise,1.0,0.9608352069115922,1,"sklearn HashingVectorizer char_wb(3,5) cosine"
factual_qa_8077,factual_qa,context_injection,0.910498,0.9070404731416415,1,"sklearn HashingVectorizer char_wb(3,5) cosine"
factual_qa_8077,factual_qa,formatting_changes,1.0,0.9608352069115922,1,"sklearn HashingVectorizer char_wb(3,5) cosine"
factual_qa_8077,factual_qa,paraphrasing,0.452914,0.26452763326160744,0,"sklearn HashingVectorizer char_wb(3,5) cosine"
factual_qa_8077,factual_qa,reordering,0.675681,0.5208596839720698,0,"sklearn HashingVectorizer char_wb(3,5) cosine"
factual_qa_8077,factual_qa,surface_noise,1.0,0.9608352069115922,1,"sklearn HashingVectorizer char_wb(3,5) cosine"
factual_qa_8164,factual_qa,context_injection,1.0,0.9608352069115922,1,"sklearn HashingVectorizer char_wb(3,5) cosine"
factual_qa_8164,factual_qa,formatting_changes,1.0,0.9608352069115922,1,"sklearn HashingVectorizer char_wb(3,5) cosine"
factual_qa_8164,factual_qa,paraphrasing,0.537159,0.31974676579076877,0,"sklearn HashingVectorizer char_wb(3,5) cosine"
factual_qa_8164,factual_qa,reordering,1.0,0.9608352069115922,1,"sklearn HashingVectorizer char_wb(3,5) cosine"
factual_qa_8164,factual_qa,surface_noise,1.0,0.9608352069115922,1,"sklearn HashingVectorizer char_wb(3,5) cosine"
factual_qa_8302,factual_qa,context_injection,1.0,0.9608352069115922,1,"sklearn HashingVectorizer char_wb(3,5) cosine"
factual_qa_8302,factual_qa,formatting_changes,0.89342,0.8913267215174043,1,"sklearn HashingVectorizer char_wb(3,5) cosine"
factual_qa_8302,factual_qa,paraphrasing,0.344746,0.23487777651269554,0,"sklearn HashingVectorizer char_wb(3,5) cosine"
factual_qa_8302,factual_qa,reordering,0.623584,0.42788301440602666,0,"sklearn HashingVectorizer char_wb(3,5) cosine"
factual_qa_8302,factual_qa,surface_noise,1.0,0.9608352069115922,1,"sklearn HashingVectorizer char_wb(3,5) cosine"
factual_qa_8326,factual_qa,context_injection,0.994401,0.9585896053087919,1,"sklearn HashingVectorizer char_wb(3,5) cosine"
factual_qa_8326,factual_qa,formatting_changes,1.0,0.9608352069115922,1,"sklearn HashingVectorizer char_wb(3,5) cosine"
factual_qa_8326,factual_qa,paraphrasing,0.306039,0.22997254355139915,0,"sklearn HashingVectorizer char_wb(3,5) cosine"
factual_qa_8326,factual_qa,reordering,0.909693,0.9063461455716744,1,"sklearn HashingVectorizer char_wb(3,5) cosine"
factual_qa_8326,factual_qa,surface_noise,1.0,0.9608352069115922,1,"sklearn HashingVectorizer char_wb(3,5) cosine"
factual_qa_8650,factual_qa,context_injection,1.0,0.9608352069115922,1,"sklearn HashingVectorizer char_wb(3,5) cosine"
factual_qa_8650,factual_qa,formatting_changes,1.0,0.9608352069115922,1,"sklearn HashingVectorizer char_wb(3,5) cosine"
factual_qa_8650,factual_qa,paraphrasing,0.665666,0.501673479473952,0,"sklearn HashingVectorizer char_wb(3,5) cosine"
factual_qa_8650,factual_qa,reordering,1.0,0.9608352069115922,1,"sklearn HashingVectorizer char_wb(3,5) cosine"
factual_qa_8650,factual_qa,surface_noise,1.0,0.9608352069115922,1,"sklearn HashingVectorizer char_wb(3,5) cosine"
factual_qa_8989,factual_qa,context_injection,1.0,0.9608352069115922,1,"sklearn HashingVectorizer char_wb(3,5) cosine"
factual_qa_8989,factual_qa,formatting_changes,0.860116,0.8543291074464576,1,"sklearn HashingVectorizer char_wb(3,5) cosine"
factual_qa_8989,factual_qa,paraphrasing,0.477737,0.27682043606239,0,"sklearn HashingVectorizer char_wb(3,5) cosine"
factual_qa_8989,factual_qa,reordering,0.647206,0.4678102104926129,0,"sklearn HashingVectorizer char_wb(3,5) cosine"
factual_qa_8989,factual_qa,surface_noise,1.0,0.9608352069115922,1,"sklearn HashingVectorizer char_wb(3,5) cosine"
factual_qa_919,factual_qa,context_injection,1.0,0.9608352069115922,1,"sklearn HashingVectorizer char_wb(3,5) cosine"
factual_qa_919,factual_qa,formatting_changes,1.0,0.9608352069115922,1,"sklearn HashingVectorizer char_wb(3,5) cosine"
factual_qa_919,factual_qa,paraphrasing,0.646967,0.4673860995542855,1,"sklearn HashingVectorizer char_wb(3,5) cosine"
factual_qa_919,factual_qa,reordering,0.722433,0.6149812965936112,1,"sklearn HashingVectorizer char_wb(3,5) cosine"
factual_qa_919,factual_qa,surface_noise,1.0,0.9608352069115922,1,"sklearn HashingVectorizer char_wb(3,5) cosine"
factual_qa_9228,factual_qa,context_injection,0.94304,0.9315860749224523,1,"sklearn HashingVectorizer char_wb(3,5) cosine"
factual_qa_9228,factual_qa,formatting_changes,1.0,0.9608352069115922,1,"sklearn HashingVectorizer char_wb(3,5) cosine"
factual_qa_9228,factual_qa,paraphrasing,0.288054,0.2282746426169287,0,"sklearn HashingVectorizer char_wb(3,5) cosine"
factual_qa_9228,factual_qa,reordering,0.884298,0.8820548778707875,1,"sklearn HashingVectorizer char_wb(3,5) cosine"
factual_qa_9228,factual_qa,surface_noise,1.0,0.9608352069115922,1,"sklearn HashingVectorizer char_wb(3,5) cosine"
math_reasoning_10051,math_reasoning,context_injection,0.919504,0.7945088467054547,1,"sklearn HashingVectorizer char_wb(3,5) cosine"
math_reasoning_10051,math_reasoning,formatting_changes,0.912179,0.7884760221185908,0,"sklearn HashingVectorizer char_wb(3,5) cosine"
math_reasoning_10051,math_reasoning,paraphrasing,0.734154,0.5189270918355526,0,"sklearn HashingVectorizer char_wb(3,5) cosine"
math_reasoning_10051,math_reasoning,reordering,0.908206,0.7850518019923219,1,"sklearn HashingVectorizer char_wb(3,5) cosine"
math_reasoning_10051,math_reasoning,surface_noise,0.919213,0.7942759814661179,1,"sklearn HashingVectorizer char_wb(3,5) cosine"
math_reasoning_10521,math_reasoning,context_injection,0.902314,0.7797708769406205,1,"sklearn HashingVectorizer char_wb(3,5) cosine"
math_reasoning_10521,math_reasoning,formatting_changes,0.911121,0.7875747629389421,1,"sklearn HashingVectorizer char_wb(3,5) cosine"
math_reasoning_10521,math_reasoning,paraphrasing,0.832324,0.696575406494993,1,"sklearn HashingVectorizer char_wb(3,5) cosine"
math_reasoning_10521,math_reasoning,reordering,0.908833,0.7855994362542168,1,"sklearn HashingVectorizer char_wb(3,5) cosine"
math_reasoning_10521,math_reasoning,surface_noise,0.907638,0.7845533391817215,0,"sklearn HashingVectorizer char_wb(3,5) cosine"
math_reasoning_10586,math_reasoning,context_injection,0.78505,0.6182425388185918,1,"sklearn HashingVectorizer char_wb(3,5) cosine"
math_reasoning_10586,math_reasoning,formatting_changes,0.804693,0.6528178591018247,0,"sklearn HashingVectorizer char_wb(3,5) cosine"
math_reasoning_10586,math_reasoning,paraphrasing,0.63676,0.3296464398798286,1,"sklearn HashingVectorizer char_wb(3,5) cosine"
math_reasoning_10586,math_reasoning,reordering,0.79213,0.631009471399305,0,"sklearn HashingVectorizer char_wb(3,5) cosine"
math_reasoning_10586,math_reasoning,surface_noise,0.792079,0.6309186910180834,1,"sklearn HashingVectorizer char_wb(3,5) cosine"
math_reasoning_10682,math_reasoning,context_injection,0.960203,0.8220294873186594,1,"sklearn HashingVectorizer char_wb(3,5) cosine"
math_reasoning_10682,math_reasoning,formatting_changes,0.964709,0.8245178215657673,0,"sklearn HashingVectorizer char_wb(3,5) cosine"
math_reasoning_10682,math_reasoning,paraphrasing,0.91397,0.7899843203728273,1,"sklearn HashingVectorizer char_wb(3,5) cosine"
math_reasoning_10682,math_reasoning,reordering,0.970597,0.8276207038685904,1,"sklearn HashingVectorizer char_wb(3,5) cosine"
math_reasoning_10682,math_reasoning,surface_noise,0.968135,0.8263433537984824,0,"sklearn HashingVectorizer char_wb(3,5) cosine"
math_reasoning_10926,math_reasoning,context_injection,0.879161,0.7565528953136295,1,"sklearn HashingVectorizer char_wb(3,5) cosine"
math_reasoning_10926,math_reasoning,formatting_changes,0.879405,0.7568188789051752,0,"sklearn HashingVectorizer char_wb(3,5) cosine"
math_reasoning_10926,math_reasoning,paraphrasing,0.794018,0.6343576912181915,0,"sklearn HashingVectorizer char_wb(3,5) cosine"
math_reasoning_10926,math_reasoning,reordering,0.882013,0.7596328258506747,0,"sklearn HashingVectorizer char_wb(3,5) cosine"
math_reasoning_10926,math_reasoning,surface_noise,0.852247,0.7242867346331071,1,"sklearn HashingVectorizer char_wb(3,5) cosine"
math_reasoning_11055,math_reasoning,context_injection,0.853405,0.7257965519972588,0,"sklearn HashingVectorizer char_wb(3,5) cosine"
math_reasoning_11055,math_reasoning,formatting_changes,0.8834,0.761107828962455,1,"sklearn HashingVectorizer char_wb(3,5) cosine"
math_reasoning_11055,math_reasoning,paraphrasing,0.85939,0.7334238858649319,1,"sklearn HashingVectorizer char_wb(3,5) cosine"
math_reasoning_11055,math_reasoning,reordering,0.892468,0.7703883964590771,1,"sklearn HashingVectorizer char_wb(3,5) cosine"
math_reasoning_11055,math_reasoning,surface_noise,0.880228,0.757712595281821,1,"sklearn HashingVectorizer char_wb(3,5) cosine"
math_reasoning_1121,math_reasoning,context_injection,0.920611,0.795389632168718,1,"sklearn HashingVectorizer char_wb(3,5) cosine"
math_reasoning_1121,math_reasoning,formatting_changes,0.924709,0.798581147754725,1,"sklearn HashingVectorizer char_wb(3,5) cosine"
math_reasoning_1121,math_reasoning,paraphrasing,0.914159,0.7901422204727154,1,"sklearn HashingVectorizer char_wb(3,5) cosine"
math_reasoning_1121,math_reasoning,reordering,0.916869,0.7923799101312171,1,"sklearn HashingVectorizer char_wb(3,5) cosine"
math_reasoning_1121,math_reasoning,surface_noise,0.920732,0.7954854212094632,1,"sklearn HashingVectorizer char_wb(3,5) cosine"
math_reasoning_11297,math_reasoning,context_injection,0.991166,0.837237275988269,1,"sklearn HashingVectorizer char_wb(3,5) cosine"
math_reasoning_11297,math_reasoning,formatting_changes,0.977632,0.831116641970579,1,"sklearn HashingVectorizer char_wb(3,5) cosine"
math_reasoning_11297,math_reasoning,paraphrasing,0.182582,0.10275348824609128,0,"sklearn HashingVectorizer char_wb(3,5) cosine"
math_reasoning_11297,math_reasoning,reordering,0.981983,0.8331685880722054,1,"sklearn HashingVectorizer char_wb(3,5) cosine"
math_reasoning_11297,math_reasoning,surface_noise,0.986868,0.8353761639864005,1,"sklearn HashingVectorizer char_wb(3,5) cosine"
math_reasoning_11759,math_reasoning,context_injection,0.953348,0.8180467152108969,1,"sklearn HashingVectorizer char_wb(3,5) cosine"
math_reasoning_11759,math_reasoning,formatting_changes,0.959952,0.8218879021573254,1,"sklearn HashingVectorizer char_wb(3,5) cosine"
math_reasoning_11759,math_reasoning,paraphrasing,0.809119,0.6602274162088074,1,"sklearn HashingVectorizer char_wb(3,5) cosine"
math_reasoning_11759,math_reasoning,reordering,0.953728,0.818273893373712,0,"sklearn HashingVectorizer char_wb(3,5) cosine"
math_reasoning_11759,math_reasoning,surface_noise,0.944109,0.8122833989701231,1,"sklearn HashingVectorizer char_wb(3,5) cosine"
math_reasoning_1600,math_reasoning,context_injection,0.843806,0.7129464296310869,0,"sklearn HashingVectorizer char_wb(3,5) cosine"
math_reasoning_1600,math_reasoning,formatting_changes,0.858678,0.7325319271572458,1,"sklearn HashingVectorizer char_wb(3,5) cosine"
math_reasoning_1600,math_reasoning,paraphrasing,0.70953,0.4685842393690934,1,"sklearn HashingVectorizer char_wb(3,5) cosine"
math_reasoning_1600,math_reasoning,reordering,0.86101,0.735437877093328,1,"sklearn HashingVectorizer char_wb(3,5) cosine"
math_reasoning_1600,math_reasoning,surface_noise,0.881054,0.7586042547941968,1,"sklearn HashingVectorizer char_wb(3,5) cosine"
math_reasoning_1650,math_reasoning,context_injection,0.910406,0.7869613472692926,1,"sklearn HashingVectorizer char_wb(3,5) cosine"
math_reasoning_1650,math_reasoning,formatting_changes,0.895292,0.7731521941266076,1,"sklearn HashingVectorizer char_wb(3,5) cosine"
math_reasoning_1650,math_reasoning,paraphrasing,0.860934,0.7353438733934395,1,"sklearn HashingVectorizer char_wb(3,5) cosine"
math_reasoning_1650,math_reasoning,reordering,0.907934,0.7848133818814441,1,"sklearn HashingVectorizer char_wb(3,5) cosine"
math_reasoning_1650,math_reasoning,surface_noise,0.873124,0.7498226794989139,0,"sklearn HashingVectorizer char_wb(3,5) cosine"
math_reasoning_190,math_reasoning,context_injection,0.936175,0.8069514364593474,1,"sklearn HashingVectorizer char_wb(3,5) cosine"
math_reasoning_190,math_reasoning,formatting_changes,0.934592,0.8058435123044659,0,"sklearn HashingVectorizer char_wb(3,5) cosine"
math_reasoning_190,math_reasoning,paraphrasing,0.929714,0.8023343851055119,1,"sklearn HashingVectorizer char_wb(3,5) cosine"
math_reasoning_190,math_reasoning,reordering,0.944139,0.8123028753124769,1,"sklearn HashingVectorizer char_wb(3,5) cosine"
math_reasoning_190,math_reasoning,surface_noise,0.942322,0.811114075980481,1,"sklearn HashingVectorizer char_wb(3,5) cosine"
math_reasoning_2166,math_reasoning,context_injection,0.91786,0.7931859643202378,1,"sklearn HashingVectorizer char_wb(3,5) cosine"
math_reasoning_2166,math_reasoning,formatting_changes,0.934245,0.8055986496910906,1,"sklearn HashingVectorizer char_wb(3,5) cosine"
math_reasoning_2166,math_reasoning,paraphrasing,0.838574,0.7056215027869813,1,"sklearn HashingVectorizer char_wb(3,5) cosine"
math_reasoning_2166,math_reasoning,reordering,0.925711,0.799345153034673,1,"sklearn HashingVectorizer char_wb(3,5) cosine"
math_reasoning_2166,math_reasoning,surface_noise,0.933812,0.8052920864666638,0,"sklearn HashingVectorizer char_wb(3,5) cosine"
math_reasoning_2652,math_reasoning,context_injection,0.896127,0.7739580868260453,0,"sklearn HashingVectorizer char_wb(3,5) cosine"
math_reasoning_2652,math_reasoning,formatting_changes,0.902638,0.7800676655562843,1,"sklearn HashingVectorizer char_wb(3,5) cosine"
math_reasoning_2652,math_reasoning,paraphrasing,0.832755,0.6972095301177085,1,"sklearn HashingVectorizer char_wb(3,5) cosine"
math_reasoning_2652,math_reasoning,reordering,0.89248,0.7704002661467474,1,"sklearn HashingVectorizer char_wb(3,5) cosine"
math_reasoning_2652,math_reasoning,surface_noise,0.901611,0.7791243344041269,1,"sklearn HashingVectorizer char_wb(3,5) cosine"
math_reasoning_2817,math_reasoning,context_injection,0.917379,0.7927955444004332,1,"sklearn HashingVectorizer char_wb(3,5) cosine"
math_reasoning_2817,math_reasoning,formatting_changes,0.923307,0.7975014223264697,1,"sklearn HashingVectorizer char_wb(3,5) cosine"
math_reasoning_2817,math_reasoning,paraphrasing,0.893276,0.7711852233835345,1,"sklearn HashingVectorizer char_wb(3,5) cosine"
math_reasoning_2817,math_reasoning,reordering,0.914904,0.7907622862221751,1,"sklearn HashingVectorizer char_wb(3,5) cosine"
math_reasoning_2817,math_reasoning,surface_noise,0.896675,0.7744841958139613,1,"sklearn HashingVectorizer char_wb(3,5) cosine"
math_reasoning_2832,math_reasoning,context_injection,0.930831,0.8031507433300288,1,"sklearn HashingVectorizer char_wb(3,5) cosine"
math_reasoning_2832,math_reasoning,formatting_changes,0.933337,0.8049544887771453,1,"sklearn HashingVectorizer char_wb(3,5) cosine"
math_reasoning_2832,math_reasoning,paraphrasing,0.928516,0.8014502644415961,0,"sklearn HashingVectorizer char_wb(3,5) cosine"
math_reasoning_2832,math_reasoning,reordering,0.943934,0.8121696858833284,1,"sklearn HashingVectorizer char_wb(3,5) cosine"
math_reasoning_2832,math_reasoning,surface_noise,0.940803,0.8101058125416413,1,"sklearn HashingVectorizer char_wb(3,5) cosine"
math_reasoning_2873,math_reasoning,context_injection,0.806374,0.6556493180113215,1,"sklearn HashingVectorizer char_wb(3,5) cosine"
math_reasoning_2873,math_reasoning,formatting_changes,0.818926,0.676110755684738,1,"sklearn HashingVectorizer char_wb(3,5) cosine"
math_reasoning_2873,math_reasoning,paraphrasing,0.691663,0.43240427529458997,0,"sklearn HashingVectorizer char_wb(3,5) cosine"
math_reasoning_2873,math_reasoning,reordering,0.810788,0.6629830405977887,0,"sklearn HashingVectorizer char_wb(3,5) cosine"
math_reasoning_2873,math_reasoning,surface_noise,0.828534,0.6909338316105912,1,"sklearn HashingVectorizer char_wb(3,5) cosine"
math_reasoning_2891,math_reasoning,context_injection,0.874881,0.7518111708344927,1,"sklearn HashingVectorizer char_wb(3,5) cosine"
math_reasoning_2891,math_reasoning,formatting_changes,0.876683,0.7538251692945154,1,"sklearn HashingVectorizer char_wb(3,5) cosine"
math_reasoning_2891,math_reasoning,paraphrasing,0.813744,0.6678111189505546,0,"sklearn HashingVectorizer char_wb(3,5) cosine"
math_reasoning_2891,math_reasoning,reordering,0.820522,0.6786242892452311,0,"sklearn HashingVectorizer char_wb(3,5) cosine"
math_reasoning_2891,math_reasoning,surface_noise,0.849044,0.7200529430505381,1,"sklearn HashingVectorizer char_wb(3,5) cosine"
math_reasoning_3251,math_reasoning,context_injection,0.869557,0.7457099615366324,1,"sklearn HashingVectorizer char_wb(3,5) cosine"
math_reasoning_3251,math_reasoning,formatting_changes,0.916436,0.7920256713326063,1,"sklearn HashingVectorizer char_wb(3,5) cosine"
math_reasoning_3251,math_reasoning,paraphrasing,0.958251,0.820919988180108,1,"sklearn HashingVectorizer char_wb(3,5) cosine"
math_reasoning_3251,math_reasoning,reordering,0.953605,0.8182004428601061,1,"sklearn HashingVectorizer char_wb(3,5) cosine"
math_reasoning_3251,math_reasoning,surface_noise,0.972008,0.8283399911014363,0,"sklearn HashingVectorizer char_wb(3,5) cosine"
math_reasoning_3336,math_reasoning,context_injection,0.899714,0.777361945858224,1,"sklearn HashingVectorizer char_wb(3,5) cosine"
math_reasoning_3336,math_reasoning,formatting_changes,0.912526,0.7887699510358107,1,"sklearn HashingVectorizer char_wb(3,5) cosine"
math_reasoning_3336,math_reasoning,paraphrasing,0.679841,0.40897151158782413,1,"sklearn HashingVectorizer char_wb(3,5) cosine"
math_reasoning_3336,math_reasoning,reordering,0.885044,0.7628369024140745,1,"sklearn HashingVectorizer char_wb(3,5) cosine"
math_reasoning_3336,math_reasoning,surface_noise,0.886776,0.7646360810617711,1,"sklearn HashingVectorizer char_wb(3,5) cosine"
math_reasoning_3374,math_reasoning,context_injection,0.807938,0.6582647167369972,0,"sklearn HashingVectorizer char_wb(3,5) cosine"
math_reasoning_3374,math_reasoning,formatting_changes,0.8429,0.7116942103534084,1,"sklearn HashingVectorizer char_wb(3,5) cosine"
math_reasoning_3374,math_reasoning,paraphrasing,0.795083,0.6362356114495141,0,"sklearn HashingVectorizer char_wb(3,5) cosine"
math_reasoning_3374,math_reasoning,reordering,0.854776,0.7275697860766036,1,"sklearn HashingVectorizer char_wb(3,5) cosine"
math_reasoning_3374,math_reasoning,surface_noise,0.808036,0.6584279840800836,1,"sklearn HashingVectorizer char_wb(3,5) cosine"
math_reasoning_338,math_reasoning,context_injection,0.958137,0.8208545926985474,1,"sklearn HashingVectorizer char_wb(3,5) cosine"
math_reasoning_338,math_reasoning,formatting_changes,0.952877,0.8177640736633586,0,"sklearn HashingVectorizer char_wb(3,5) cosine"
math_reasoning_338,math_reasoning,paraphrasing,0.866685,0.7423243117044974,1,"sklearn HashingVectorizer char_wb(3,5) cosine"
math_reasoning_338,math_reasoning,reordering,0.937978,0.8081952367879489,1,"sklearn HashingVectorizer char_wb(3,5) cosine"
math_reasoning_338,math_reasoning,surface_noise,0.947164,0.8142408857970563,1,"sklearn HashingVectorizer char_wb(3,5) cosine"
math_reasoning_3402,math_reasoning,context_injection,0.911047,0.7875114393308661,0,"sklearn HashingVectorizer char_wb(3,5) cosine"
math_reasoning_3402,math_reasoning,formatting_changes,0.921118,0.7957903596950263,1,"sklearn HashingVectorizer char_wb(3,5) cosine"
math_reasoning_3402,math_reasoning,paraphrasing,0.913677,0.7897390565320476,0,"sklearn HashingVectorizer char_wb(3,5) cosine"
math_reasoning_3402,math_reasoning,reordering,0.905174,0.7823648573928609,1,"sklearn HashingVectorizer char_wb(3,5) cosine"
math_reasoning_3402,math_reasoning,surface_noise,0.889863,0.7677861440632027,1,"sklearn HashingVectorizer char_wb(3,5) cosine"
math_reasoning_3715,math_reasoning,context_injection,0.975022,0.8298457990943605,1,"sklearn HashingVectorizer char_wb(3,5) cosine"
math_reasoning_3715,math_reasoning,formatting_changes,0.978393,0.8314814881184552,1,"sklearn HashingVectorizer char_wb(3,5) cosine"
math_reasoning_3715,math_reasoning,paraphrasing,0.918997,0.7941027737114131,1,"sklearn HashingVectorizer char_wb(3,5) cosine"
math_reasoning_3715,math_reasoning,reordering,0.909589,0.7862561176826287,1,"sklearn HashingVectorizer char_wb(3,5) cosine"
math_reasoning_3715,math_reasoning,surface_noise,0.951469,0.8169121146763171,1,"sklearn HashingVectorizer char_wb(3,5) cosine"
math_reasoning_3886,math_reasoning,context_injection,0.884533,0.7623016878436423,0,"sklearn HashingVectorizer char_wb(3,5) cosine"
math_reasoning_3886,math_reasoning,formatting_changes,0.861827,0.7364454372413632,1,"sklearn HashingVectorizer char_wb(3,5) cosine"
math_reasoning_3886,math_reasoning,paraphrasing,0.821942,0.6808435875612996,0,"sklearn HashingVectorizer char_wb(3,5) cosine"
math_reasoning_3886,math_reasoning,reordering,0.86046,0.7347565216911766,1,"sklearn HashingVectorizer char_wb(3,5) cosine"
math_reasoning_3886,math_reasoning,surface_noise,0.870972,0.7473536301097422,1,"sklearn HashingVectorizer char_wb(3,5) cosine"
math_reasoning_4506,math_reasoning,context_injection,0.874987,0.7519303527281412,1,"sklearn HashingVectorizer char_wb(3,5) cosine"
math_reasoning_4506,math_reasoning,formatting_changes,0.890842,0.7687700882441654,0,"sklearn HashingVectorizer char_wb(3,5) cosine"
math_reasoning_4506,math_reasoning,paraphrasing,0.645867,0.34543915230365124,0,"sklearn HashingVectorizer char_wb(3,5) cosine"
math_reasoning_4506,math_reasoning,reordering,0.879726,0.7571680905036179,0,"sklearn HashingVectorizer char_wb(3,5) cosine"
math_reasoning_4506,math_reasoning,surface_noise,0.813077,0.6667275933181936,0,"sklearn HashingVectorizer char_wb(3,5) cosine"
math_reasoning_4531,math_reasoning,context_injection,0.798596,0.6423740344903753,0,"sklearn HashingVectorizer char_wb(3,5) cosine"
math_reasoning_4531,math_reasoning,formatting_changes,0.93433,0.8056586972488818,1,"sklearn HashingVectorizer char_wb(3,5) cosine"
math_reasoning_4531,math_reasoning,paraphrasing,0.919162,0.7942351128194124,1,"sklearn HashingVectorizer char_wb(3,5) cosine"
math_reasoning_4531,math_reasoning,reordering,0.909264,0.7859742988166819,1,"sklearn HashingVectorizer char_wb(3,5) cosine"
math_reasoning_4531,math_reasoning,surface_noise,0.912125,0.7884302072558022,1,"sklearn HashingVectorizer char_wb(3,5) cosine"
math_reasoning_467,math_reasoning,context_injection,0.977735,0.8311661726425618,1,"sklearn HashingVectorizer char_wb(3,5) cosine"
math_reasoning_467,math_reasoning,formatting_changes,0.982729,0.8335122079805551,1,"sklearn HashingVectorizer char_wb(3,5) cosine"
math_reasoning_467,math_reasoning,paraphrasing,0.979316,0.831920589750376,1,"sklearn HashingVectorizer char_wb(3,5) cosine"
math_reasoning_467,math_reasoning,reordering,0.978254,0.8314150376849164,0,"sklearn HashingVectorizer char_wb(3,5) cosine"
math_reasoning_467,math_reasoning,surface_noise,0.969487,0.82704833773594,1,"sklearn HashingVectorizer char_wb(3,5) cosine"
math_reasoning_4807,math_reasoning,context_injection,0.87471,0.7516187179233368,0,"sklearn HashingVectorizer char_wb(3,5) cosine"
math_reasoning_4807,math_reasoning,formatting_changes,0.888003,0.7658968095921223,1,"sklearn HashingVectorizer char_wb(3,5) cosine"
math_reasoning_4807,math_reasoning,paraphrasing,0.827514,0.6893955237938582,1,"sklearn HashingVectorizer char_wb(3,5) cosine"
math_reasoning_4807,math_reasoning,reordering,0.86574,0.7411957357010307,1,"sklearn HashingVectorizer char_wb(3,5) cosine"
math_reasoning_4807,math_reasoning,surface_noise,0.886685,0.7645421225553851,1,"sklearn HashingVectorizer char_wb(3,5) cosine"
math_reasoning_4880,math_reasoning,context_injection,0.902956,0.780358228775205,1,"sklearn HashingVectorizer char_wb(3,5) cosine"
math_reasoning_4880,math_reasoning,formatting_changes,0.898455,0.7761779135372894,0,"sklearn HashingVectorizer char_wb(3,5) cosine"
math_reasoning_4880,math_reasoning,paraphrasing,0.901976,0.7794604635827281,1,"sklearn HashingVectorizer char_wb(3,5) cosine"
math_reasoning_4880,math_reasoning,reordering,0.894962,0.772832279795095,1,"sklearn HashingVectorizer char_wb(3,5) cosine"
math_reasoning_4880,math_reasoning,surface_noise,0.887422,0.7653012676571164,1,"sklearn HashingVectorizer char_wb(3,5) cosine"
math_reasoning_4896,math_reasoning,context_injection,0.906223,0.7833017705171564,1,"sklearn HashingVectorizer char_wb(3,5) cosine"
math_reasoning_4896,math_reasoning,formatting_changes,0.907284,0.7842415396057586,1,"sklearn HashingVectorizer char_wb(3,5) cosine"
math_reasoning_4896,math_reasoning,paraphrasing,0.893021,0.7709342750755791,1,"sklearn HashingVectorizer char_wb(3,5) cosine"
math_reasoning_4896,math_reasoning,reordering,0.893807,0.7717062337075943,1,"sklearn HashingVectorizer char_wb(3,5) cosine"
math_reasoning_4896,math_reasoning,surface_noise,0.898956,0.7766504602582868,1,"sklearn HashingVectorizer char_wb(3,5) cosine"
math_reasoning_4965,math_reasoning,context_injection,0.943414,0.8118307755643811,1,"sklearn HashingVectorizer char_wb(3,5) cosine"
math_reasoning_4965,math_reasoning,formatting_changes,0.965735,0.8250704567670871,0,"sklearn HashingVectorizer char_wb(3,5) cosine"
math_reasoning_4965,math_reasoning,paraphrasing,0.598745,0.2705967653525705,0,"sklearn HashingVectorizer char_wb(3,5) cosine"
math_reasoning_4965,math_reasoning,reordering,0.959713,0.8217527905477607,1,"sklearn HashingVectorizer char_wb(3,5) cosine"
math_reasoning_4965,math_reasoning,surface_noise,0.971214,0.8279363692149463,0,"sklearn HashingVectorizer char_wb(3,5) cosine"
math_reasoning_5038,math_reasoning,context_injection,0.907084,0.7840649946542536,0,"sklearn HashingVectorizer char_wb(3,5) cosine"
math_reasoning_5038,math_reasoning,formatting_changes,0.898499,0.7762194877936349,1,"sklearn HashingVectorizer char_wb(3,5) cosine"
math_reasoning_5038,math_reasoning,paraphrasing,0.897539,0.7753092075999176,0,"sklearn HashingVectorizer char_wb(3,5) cosine"
math_reasoning_5038,math_reasoning,reordering,0.91851,0.7937111289560089,1,"sklearn HashingVectorizer char_wb(3,5) cosine"
math_reasoning_5038,math_reasoning,surface_noise,0.908381,0.785204925193871,1,"sklearn HashingVectorizer char_wb(3,5) cosine"
math_reasoning_5201,math_reasoning,context_injection,0.955396,0.8192621033637358,1,"sklearn HashingVectorizer char_wb(3,5) cosine"
math_reasoning_5201,math_reasoning,formatting_changes,0.953796,0.818314465902075,1,"sklearn HashingVectorizer char_wb(3,5) cosine"
math_reasoning_5201,math_reasoning,paraphrasing,0.951565,0.8169705390875074,1,"sklearn HashingVectorizer char_wb(3,5) cosine"
math_reasoning_5201,math_reasoning,reordering,0.953765,0.8182959726267954,1,"sklearn HashingVectorizer char_wb(3,5) cosine"
math_reasoning_5201,math_reasoning,surface_noise,0.947203,0.8142655397201498,1,"sklearn HashingVectorizer char_wb(3,5) cosine"
math_reasoning_5281,math_reasoning,context_injection,0.791677,0.6302025136839987,0,"sklearn HashingVectorizer char_wb(3,5) cosine"
math_reasoning_5281,math_reasoning,formatting_changes,0.793075,0.6326883902362829,1,"sklearn HashingVectorizer char_wb(3,5) cosine"
math_reasoning_5281,math_reasoning,paraphrasing,0.873387,0.7501218929063901,1,"sklearn HashingVectorizer char_wb(3,5) cosine"
math_reasoning_5281,math_reasoning,reordering,0.929584,0.8022388752602848,1,"sklearn HashingVectorizer char_wb(3,5) cosine"
math_reasoning_5281,math_reasoning,surface_noise,0.913207,0.7893444168542315,1,"sklearn HashingVectorizer char_wb(3,5) cosine"
math_reasoning_5408,math_reasoning,context_injection,0.936094,0.8068951075855667,1,"sklearn HashingVectorizer char_wb(3,5) cosine"
math_reasoning_5408,math_reasoning,formatting_changes,0.945255,0.8130238019874959,1,"sklearn HashingVectorizer char_wb(3,5) cosine"
math_reasoning_5408,math_reasoning,paraphrasing,0.925385,0.7990972830788884,1,"sklearn HashingVectorizer char_wb(3,5) cosine"
math_reasoning_5408,math_reasoning,reordering,0.930377,0.8028198638763818,1,"sklearn HashingVectorizer char_wb(3,5) cosine"
math_reasoning_5408,math_reasoning,surface_noise,0.94753,0.8144719234019259,1,"sklearn HashingVectorizer char_wb(3,5) cosine"
math_reasoning_5497,math_reasoning,context_injection,0.983672,0.8339431902905726,1,"sklearn HashingVectorizer char_wb(3,5) cosine"
math_reasoning_5497,math_reasoning,formatting_changes,0.974402,0.8295394215992494,1,"sklearn HashingVectorizer char_wb(3,5) cosine"
math_reasoning_5497,math_reasoning,paraphrasing,0.985535,0.8347836561743477,1,"sklearn HashingVectorizer char_wb(3,5) cosine"
math_reasoning_5497,math_reasoning,reordering,0.979065,0.8318015496479717,1,"sklearn HashingVectorizer char_wb(3,5) cosine"
math_reasoning_5497,math_reasoning,surface_noise,0.981898,0.8331292851121553,0,"sklearn HashingVectorizer char_wb(3,5) cosine"
math_reasoning_5594,math_reasoning,context_injection,0.73668,0.5240652679259772,0,"sklearn HashingVectorizer char_wb(3,5) cosine"
math_reasoning_5594,math_reasoning,formatting_changes,0.859879,0.7340340755941847,1,"sklearn HashingVectorizer char_wb(3,5) cosine"
math_reasoning_5594,math_reasoning,paraphrasing,0.835608,0.7013686560769653,1,"sklearn HashingVectorizer char_wb(3,5) cosine"
math_reasoning_5594,math_reasoning,reordering,0.931848,0.803887360340599,1,"sklearn HashingVectorizer char_wb(3,5) cosine"
math_reasoning_5594,math_reasoning,surface_noise,0.870941,0.7473177924215005,1,"sklearn HashingVectorizer char_wb(3,5) cosine"
math_reasoning_5912,math_reasoning,context_injection,0.900683,0.7782654269592472,0,"sklearn HashingVectorizer char_wb(3,5) cosine"
math_reasoning_5912,math_reasoning,formatting_changes,0.890384,0.7683106735900548,1,"sklearn HashingVectorizer char_wb(3,5) cosine"
math_reasoning_5912,math_reasoning,paraphrasing,0.430376,0.13557218084080108,0,"sklearn HashingVectorizer char_wb(3,5) cosine"
math_reasoning_5912,math_reasoning,reordering,0.871095,0.7474957489592272,1,"sklearn HashingVectorizer char_wb(3,5) cosine"
math_reasoning_5912,math_reasoning,surface_noise,0.897918,0.7756693819504322,0,"sklearn HashingVectorizer char_wb(3,5) cosine"
math_reasoning_6164,math_reasoning,context_injection,0.921331,0.7959582144769198,1,"sklearn HashingVectorizer char_wb(3,5) cosine"
math_reasoning_6164,math_reasoning,formatting_changes,0.906084,0.7831780678966888,1,"sklearn HashingVectorizer char_wb(3,5) cosine"
math_reasoning_6164,math_reasoning,paraphrasing,0.901496,0.7790182326368918,1,"sklearn HashingVectorizer char_wb(3,5) cosine"
math_reasoning_6164,math_reasoning,reordering,0.916507,0.7920838422406814,1,"sklearn HashingVectorizer char_wb(3,5) cosine"
math_reasoning_6164,math_reasoning,surface_noise,0.904589,0.7818389938395737,1,"sklearn HashingVectorizer char_wb(3,5) cosine"
math_reasoning_6746,math_reasoning,context_injection,0.882017,0.7596371010730233,1,"sklearn HashingVectorizer char_wb(3,5) cosine"
math_reasoning_6746,math_reasoning,formatting_changes,0.869193,0.7452845381717433,1,"sklearn HashingVectorizer char_wb(3,5) cosine"
math_reasoning_6746,math_reasoning,paraphrasing,0.854984,0.7278374575872316,1,"sklearn HashingVectorizer char_wb(3,5) cosine"
math_reasoning_6746,math_reasoning,reordering,0.825839,0.6868510664429516,1,"sklearn HashingVectorizer char_wb(3,5) cosine"
math_reasoning_6746,math_reasoning,surface_noise,0.842784,0.7115333916969732,1,"sklearn HashingVectorizer char_wb(3,5) cosine"
math_reasoning_6807,math_reasoning,context_injection,0.773265,0.5963034765349071,1,"sklearn HashingVectorizer char_wb(3,5) cosine"
math_reasoning_6807,math_reasoning,formatting_changes,0.897609,0.7753758095784796,1,"sklearn HashingVectorizer char_wb(3,5) cosine"
math_reasoning_6807,math_reasoning,paraphrasing,0.664302,0.3791013155343874,0,"sklearn HashingVectorizer char_wb(3,5) cosine"
math_reasoning_6807,math_reasoning,reordering,0.898391,0.7761174167269406,1,"sklearn HashingVectorizer char_wb(3,5) cosine"
math_reasoning_6807,math_reasoning,surface_noise,0.895559,0.7734104455861405,1,"sklearn HashingVectorizer char_wb(3,5) cosine"
math_reasoning_7372,math_reasoning,context_injection,0.91413,0.7901180080716049,1,"sklearn HashingVectorizer char_wb(3,5) cosine"
math_reasoning_7372,math_reasoning,formatting_changes,0.896501,0.7743173856138482,1,"sklearn HashingVectorizer char_wb(3,5) cosine"
math_reasoning_7372,math_reasoning,paraphrasing,0.825628,0.6865289298338716,1,"sklearn HashingVectorizer char_wb(3,5) cosine"
math_reasoning_7372,math_reasoning,reordering,0.897882,0.7756352152264546,1,"sklearn HashingVectorizer char_wb(3,5) cosine"
math_reasoning_7372,math_reasoning,surface_noise,0.808044,0.6584413088245286,0,"sklearn HashingVectorizer char_wb(3,5) cosine"
math_reasoning_7390,math_reasoning,context_injection,0.941844,0.8107982195446529,1,"sklearn HashingVectorizer char_wb(3,5) cosine"
math_reasoning_7390,math_reasoning,formatting_changes,0.94299,0.8115533008315944,0,"sklearn HashingVectorizer char_wb(3,5) cosine"
math_reasoning_7390,math_reasoning,paraphrasing,0.947503,0.814454904863252,1,"sklearn HashingVectorizer char_wb(3,5) cosine"
math_reasoning_7390,math_reasoning,reordering,0.955587,0.819374332942801,1,"sklearn HashingVectorizer char_wb(3,5) cosine"
math_reasoning_7390,math_reasoning,surface_noise,0.940708,0.8100423145169363,1,"sklearn HashingVectorizer char_wb(3,5) cosine"
math_reasoning_7546,math_reasoning,context_injection,0.956323,0.8198050250190866,0,"sklearn HashingVectorizer char_wb(3,5) cosine"
math_reasoning_7546,math_reasoning,formatting_changes,0.963236,0.8237154387448905,1,"sklearn HashingVectorizer char_wb(3,5) cosine"
math_reasoning_7546,math_reasoning,paraphrasing,0.959981,0.8219042768343651,1,"sklearn HashingVectorizer char_wb(3,5) cosine"
math_reasoning_7546,math_reasoning,reordering,0.961722,0.8228795809886221,0,"sklearn HashingVectorizer char_wb(3,5) cosine"
math_reasoning_7546,math_reasoning,surface_noise,0.962728,0.8234362443242579,0,"sklearn HashingVectorizer char_wb(3,5) cosine"
math_reasoning_8004,math_reasoning,context_injection,0.950867,0.8165446177535648,1,"sklearn HashingVectorizer char_wb(3,5) cosine"
math_reasoning_8004,math_reasoning,formatting_changes,0.949492,0.8156979082347479,1,"sklearn HashingVectorizer char_wb(3,5) cosine"
math_reasoning_8004,math_reasoning,paraphrasing,0.794713,0.6355840757357284,1,"sklearn HashingVectorizer char_wb(3,5) cosine"
math_reasoning_8004,math_reasoning,reordering,0.915392,0.7911664276776526,1,"sklearn HashingVectorizer char_wb(3,5) cosine"
math_reasoning_8004,math_reasoning,surface_noise,0.942356,0.8111364930866248,1,"sklearn HashingVectorizer char_wb(3,5) cosine"
math_reasoning_9083,math_reasoning,context_injection,0.882711,0.7603769743422039,1,"sklearn HashingVectorizer char_wb(3,5) cosine"
math_reasoning_9083,math_reasoning,formatting_changes,0.932909,0.8046491286482805,1,"sklearn HashingVectorizer char_wb(3,5) cosine"
math_reasoning_9083,math_reasoning,paraphrasing,0.961178,0.8225764643837955,0,"sklearn HashingVectorizer char_wb(3,5) cosine"
math_reasoning_9083,math_reasoning,reordering,0.97213,0.8284017503279982,1,"sklearn HashingVectorizer char_wb(3,5) cosine"
math_reasoning_9083,math_reasoning,surface_noise,0.941243,0.8103992314400087,0,"sklearn HashingVectorizer char_wb(3,5) cosine"
math_reasoning_9403,math_reasoning,context_injection,0.87032,0.746598260285985,1,"sklearn HashingVectorizer char_wb(3,5) cosine"
math_reasoning_9403,math_reasoning,formatting_changes,0.843827,0.7129753740543533,1,"sklearn HashingVectorizer char_wb(3,5) cosine"
math_reasoning_9403,math_reasoning,paraphrasing,0.807,0.6566983526600597,1,"sklearn HashingVectorizer char_wb(3,5) cosine"
math_reasoning_9403,math_reasoning,reordering,0.902777,0.7801947615685606,1,"sklearn HashingVectorizer char_wb(3,5) cosine"
math_reasoning_9403,math_reasoning,surface_noise,0.908268,0.7851060757106606,1,"sklearn HashingVectorizer char_wb(3,5) cosine"
math_reasoning_9599,math_reasoning,context_injection,0.915351,0.7911325346393071,1,"sklearn HashingVectorizer char_wb(3,5) cosine"
math_reasoning_9599,math_reasoning,formatting_changes,0.909212,0.7859291400116039,1,"sklearn HashingVectorizer char_wb(3,5) cosine"
math_reasoning_9599,math_reasoning,paraphrasing,0.806441,0.6557617352156747,1,"sklearn HashingVectorizer char_wb(3,5) cosine"
math_reasoning_9599,math_reasoning,reordering,0.884947,0.7627354602121493,1,"sklearn HashingVectorizer char_wb(3,5) cosine"
math_reasoning_9599,math_reasoning,surface_noise,0.924446,0.7983795588013026,1,"sklearn HashingVectorizer char_wb(3,5) cosine"
math_reasoning_9765,math_reasoning,context_injection,0.856644,0.7299609209429064,1,"sklearn HashingVectorizer char_wb(3,5) cosine"
math_reasoning_9765,math_reasoning,formatting_changes,0.904797,0.782026244757898,1,"sklearn HashingVectorizer char_wb(3,5) cosine"
math_reasoning_9765,math_reasoning,paraphrasing,0.873858,0.7506563708419726,1,"sklearn HashingVectorizer char_wb(3,5) cosine"
math_reasoning_9765,math_reasoning,reordering,0.915471,0.7912317020119756,1,"sklearn HashingVectorizer char_wb(3,5) cosine"
math_reasoning_9765,math_reasoning,surface_noise,0.913839,0.7898747348668312,1,"sklearn HashingVectorizer char_wb(3,5) cosine"
