item_id,task_type,dataset_name,source_index,perturbation_type,sample_id,model_name,temperature,top_p,max_output_tokens,original_prompt,perturbed_prompt,output_text
factual_qa_10908,factual_qa,rajpurkar/squad_v2,10908,paraphrasing,1,qwen-plus,0.7,0.9,,"Context: The mayor of Warsaw is called President. Generally, in Poland, the mayors of bigger cities are called presidents – i.e. such cities, which have over 100,000 people or these, where already was president before 1990. The first Warsaw President was Jan Andrzej Menich (1695–1696). Between 1975 and 1990 the Warsaw Presidents was simultaneously the Warsaw Voivode. Since 1990 the President of Warsaw had been elected by the City council. In the years of 1994–1999 the mayor of the district Centrum automatically was designated as the President of Warsaw: the mayor of Centrum was elected by the district council of Centrum and the council was elected only by the Centrum residents. Since 2002 the President of Warsaw is elected by all of the citizens of Warsaw.

Question: Who has elected the President of Warsaw since 1990?","Since 1990, who has been responsible for electing the President of Warsaw?","Since 1990, the President of Warsaw has been elected directly by the residents of Warsaw in a popular vote. This change followed the fall of communism in Poland and the introduction of democratic local government reforms. The first direct election for the President of Warsaw took place in 1994 (not 1990), as the initial post-communist local elections in 1990 did not yet include the direct election of mayors/presidents — instead, city councils appointed executives at that time.

Key points:

- **1990**: Following the 1990 local elections, the President of Warsaw was elected *by the Warsaw City Council*, not by direct popular vote.
- **1994**: The first *direct* popular election of the President of Warsaw occurred on May 29, 1994, under the new Local Government Act adopted in 1990 and implemented gradually. From then on, the President of Warsaw has been elected directly by eligible voters residing in Warsaw.

So, **since 1994**, responsibility for electing the President of Warsaw lies with the **citizens of Warsaw** through universal, direct, equal, and secret ballot. Prior to 1994 (i.e., from 1990–1994), the **Warsaw City Council** elected the President.

Thus, strictly speaking:  
🔹 **From 1990 to 1994**: Elected by the Warsaw City Council.  
🔹 **From 1994 onward**: Elected directly by the people of Warsaw."
factual_qa_10908,factual_qa,rajpurkar/squad_v2,10908,paraphrasing,2,qwen-plus,0.7,0.9,,"Context: The mayor of Warsaw is called President. Generally, in Poland, the mayors of bigger cities are called presidents – i.e. such cities, which have over 100,000 people or these, where already was president before 1990. The first Warsaw President was Jan Andrzej Menich (1695–1696). Between 1975 and 1990 the Warsaw Presidents was simultaneously the Warsaw Voivode. Since 1990 the President of Warsaw had been elected by the City council. In the years of 1994–1999 the mayor of the district Centrum automatically was designated as the President of Warsaw: the mayor of Centrum was elected by the district council of Centrum and the council was elected only by the Centrum residents. Since 2002 the President of Warsaw is elected by all of the citizens of Warsaw.

Question: Who has elected the President of Warsaw since 1990?","Since 1990, who has been responsible for electing the President of Warsaw?","Since 1990, the President of Warsaw has been elected directly by the residents of Warsaw through universal, direct, and secret ballot. This change followed the democratic reforms in Poland after the fall of communism, with the first direct mayoral election held in 1994 (not 1990). Prior to that, from 1990 to 1994, the President of Warsaw was appointed by the Warsaw City Council.

However, the key point is:  
✅ **Since 1994**, the President of Warsaw has been **elected directly by the citizens of Warsaw**.  
❌ Not since 1990 — the 1990–1994 period involved council appointment.

So, to answer precisely:  
From **1990 to 1994**, the **Warsaw City Council** appointed the President.  
Starting with the **1994 local elections**, responsibility shifted to the **voters of Warsaw**, who elect the President directly every four years (later extended to five years as of 2018)."
factual_qa_10908,factual_qa,rajpurkar/squad_v2,10908,paraphrasing,3,qwen-plus,0.7,0.9,,"Context: The mayor of Warsaw is called President. Generally, in Poland, the mayors of bigger cities are called presidents – i.e. such cities, which have over 100,000 people or these, where already was president before 1990. The first Warsaw President was Jan Andrzej Menich (1695–1696). Between 1975 and 1990 the Warsaw Presidents was simultaneously the Warsaw Voivode. Since 1990 the President of Warsaw had been elected by the City council. In the years of 1994–1999 the mayor of the district Centrum automatically was designated as the President of Warsaw: the mayor of Centrum was elected by the district council of Centrum and the council was elected only by the Centrum residents. Since 2002 the President of Warsaw is elected by all of the citizens of Warsaw.

Question: Who has elected the President of Warsaw since 1990?","Since 1990, who has been responsible for electing the President of Warsaw?","Since 1990, the President of Warsaw has been elected directly by the residents of Warsaw in a popular vote. This change followed the fall of communism in Poland and the adoption of democratic reforms. The first direct election for the President of Warsaw took place in 1994 (not 1990), as the position was re-established under the new local government law enacted in 1990. Prior to that, from 1990 to 1994, the head of the city (called “Mayor” or “President” interchangeably in early transitional usage) was elected by the Warsaw City Council.

Key points:
- The 1990 *Act on Municipal Self-Government* restored local self-government but initially provided for council-elected mayors/presidents.
- Direct elections for the President of Warsaw began in **1994**, following amendments and implementation of full local democracy.
- Since 1994, the President of Warsaw has been chosen through universal, direct, and secret ballot by eligible voters residing in Warsaw.

So, while the legal framework enabling democratic local elections dates from 1990, the electorate — the citizens of Warsaw — have been directly responsible for electing the President since the first direct election in **1994**."
factual_qa_10908,factual_qa,rajpurkar/squad_v2,10908,paraphrasing,4,qwen-plus,0.7,0.9,,"Context: The mayor of Warsaw is called President. Generally, in Poland, the mayors of bigger cities are called presidents – i.e. such cities, which have over 100,000 people or these, where already was president before 1990. The first Warsaw President was Jan Andrzej Menich (1695–1696). Between 1975 and 1990 the Warsaw Presidents was simultaneously the Warsaw Voivode. Since 1990 the President of Warsaw had been elected by the City council. In the years of 1994–1999 the mayor of the district Centrum automatically was designated as the President of Warsaw: the mayor of Centrum was elected by the district council of Centrum and the council was elected only by the Centrum residents. Since 2002 the President of Warsaw is elected by all of the citizens of Warsaw.

Question: Who has elected the President of Warsaw since 1990?","Since 1990, who has been responsible for electing the President of Warsaw?","Since 1990, the President of Warsaw has been elected directly by the residents of Warsaw through universal, direct, and secret ballot. This change followed the democratic reforms in Poland after the fall of communism, with the first direct mayoral election held in 1994 (not 1990). Prior to that, from 1990 to 1994, the President of Warsaw was appointed by the Warsaw City Council.

Key points:
- **1990–1994**: The President of Warsaw was elected by the Warsaw City Council (a transitional arrangement after the abolition of the communist-era “Warsaw Voivodeship” structure).
- **Starting in 1994**: Direct popular elections were introduced under the new local government reform (Act on Municipal Self-Government of 1990, implemented in stages), and the President of Warsaw has since been elected by the city’s inhabitants in direct elections every four years.

So, strictly *since 1990*, responsibility for electing the President of Warsaw shifted:
- Initially (1990–1994): Warsaw City Council.
- From 1994 onward: The citizens of Warsaw (via direct elections).

Therefore, the answer depends on the exact timeframe:
- **From 1990 to 1994**: The Warsaw City Council.
- **From 1994 to present**: The eligible voters (residents) of Warsaw."
factual_qa_10908,factual_qa,rajpurkar/squad_v2,10908,paraphrasing,5,qwen-plus,0.7,0.9,,"Context: The mayor of Warsaw is called President. Generally, in Poland, the mayors of bigger cities are called presidents – i.e. such cities, which have over 100,000 people or these, where already was president before 1990. The first Warsaw President was Jan Andrzej Menich (1695–1696). Between 1975 and 1990 the Warsaw Presidents was simultaneously the Warsaw Voivode. Since 1990 the President of Warsaw had been elected by the City council. In the years of 1994–1999 the mayor of the district Centrum automatically was designated as the President of Warsaw: the mayor of Centrum was elected by the district council of Centrum and the council was elected only by the Centrum residents. Since 2002 the President of Warsaw is elected by all of the citizens of Warsaw.

Question: Who has elected the President of Warsaw since 1990?","Since 1990, who has been responsible for electing the President of Warsaw?","Since 1990, the President of Warsaw has been elected directly by the residents of Warsaw through universal, direct, and secret ballot. This change followed the democratic reforms in Poland after the fall of communism, with the first direct mayoral election held in 1990 — making Warsaw one of the first Polish cities to adopt direct mayoral elections. The position is officially titled “President of the Capital City of Warsaw” (*Prezydent m.st. Warszawy*), and the election is conducted in accordance with national electoral law, overseen by the Polish National Electoral Commission (*Państwowa Komisja Wyborcza*)."
factual_qa_10908,factual_qa,rajpurkar/squad_v2,10908,reordering,1,qwen-plus,0.7,0.9,,"Context: The mayor of Warsaw is called President. Generally, in Poland, the mayors of bigger cities are called presidents – i.e. such cities, which have over 100,000 people or these, where already was president before 1990. The first Warsaw President was Jan Andrzej Menich (1695–1696). Between 1975 and 1990 the Warsaw Presidents was simultaneously the Warsaw Voivode. Since 1990 the President of Warsaw had been elected by the City council. In the years of 1994–1999 the mayor of the district Centrum automatically was designated as the President of Warsaw: the mayor of Centrum was elected by the district council of Centrum and the council was elected only by the Centrum residents. Since 2002 the President of Warsaw is elected by all of the citizens of Warsaw.

Question: Who has elected the President of Warsaw since 1990?","Question: Who has elected the President of Warsaw since 1990?

Context: The mayor of Warsaw is called President. Generally, in Poland, the mayors of bigger cities are called presidents – i.e. such cities, which have over 100,000 people or these, where already was president before 1990. The first Warsaw President was Jan Andrzej Menich (1695–1696). Between 1975 and 1990 the Warsaw Presidents was simultaneously the Warsaw Voivode. Since 1990 the President of Warsaw had been elected by the City council. In the years of 1994–1999 the mayor of the district Centrum automatically was designated as the President of Warsaw: the mayor of Centrum was elected by the district council of Centrum and the council was elected only by the Centrum residents. Since 2002 the President of Warsaw is elected by all of the citizens of Warsaw.","Since 2002, the **President of Warsaw** has been elected **directly by all citizens of Warsaw** (i.e., through universal, direct, and secret ballot).

Before that:
- **From 1990 to 1994**, the President of Warsaw was **elected by the Warsaw City Council**.
- **From 1994 to 1999**, the President was **not directly elected at all** — instead, the **mayor of the district Centrum** (elected by the Centrum district council, which itself was elected only by Centrum residents) **automatically served as President of Warsaw**.

So, to answer the question *“Who has elected the President of Warsaw since 1990?”*:

- **1990–1994**: Warsaw City Council  
- **1994–1999**: Indirectly, via the mayor of the Centrum district (elected by the Centrum district council)  
- **Since 2002**: All eligible citizens of Warsaw (direct popular vote)

Note: There was a transitional period in **1999–2002**, during which the method reverted to council election (following legal changes), before direct elections were introduced in 2002. So strictly from **1990 onward**, the electors have been:  
→ City Council (1990–1994, and again 1999–2002),  
→ Centrum district structures (1994–1999),  
→ All Warsaw residents (since 2002)."
factual_qa_10908,factual_qa,rajpurkar/squad_v2,10908,reordering,2,qwen-plus,0.7,0.9,,"Context: The mayor of Warsaw is called President. Generally, in Poland, the mayors of bigger cities are called presidents – i.e. such cities, which have over 100,000 people or these, where already was president before 1990. The first Warsaw President was Jan Andrzej Menich (1695–1696). Between 1975 and 1990 the Warsaw Presidents was simultaneously the Warsaw Voivode. Since 1990 the President of Warsaw had been elected by the City council. In the years of 1994–1999 the mayor of the district Centrum automatically was designated as the President of Warsaw: the mayor of Centrum was elected by the district council of Centrum and the council was elected only by the Centrum residents. Since 2002 the President of Warsaw is elected by all of the citizens of Warsaw.

Question: Who has elected the President of Warsaw since 1990?","Question: Who has elected the President of Warsaw since 1990?

Context: The mayor of Warsaw is called President. Generally, in Poland, the mayors of bigger cities are called presidents – i.e. such cities, which have over 100,000 people or these, where already was president before 1990. The first Warsaw President was Jan Andrzej Menich (1695–1696). Between 1975 and 1990 the Warsaw Presidents was simultaneously the Warsaw Voivode. Since 1990 the President of Warsaw had been elected by the City council. In the years of 1994–1999 the mayor of the district Centrum automatically was designated as the President of Warsaw: the mayor of Centrum was elected by the district council of Centrum and the council was elected only by the Centrum residents. Since 2002 the President of Warsaw is elected by all of the citizens of Warsaw.","Since 2002, the **President of Warsaw** has been elected **directly by all citizens of Warsaw** (i.e., through universal, direct, and secret ballot).

Before that:
- **From 1990 to 1994**, the President of Warsaw was **elected by the Warsaw City Council**.
- **From 1994 to 1999**, the President was **not directly elected at all** — instead, the **mayor of the district Centrum** (elected by the Centrum district council, which itself was elected only by Centrum residents) **automatically served as President of Warsaw**.

So, to answer the question *“Who has elected the President of Warsaw since 1990?”*:

- **1990–1994**: Warsaw City Council  
- **1994–1999**: Indirectly, via the Centrum district council (effectively limited to Centrum residents)  
- **Since 2002**: All eligible citizens of Warsaw (direct popular election)

Note: There was a gap in 1999–2002 when the system transitioned back to direct elections, with the first direct mayoral election held in **2002**."
factual_qa_10908,factual_qa,rajpurkar/squad_v2,10908,reordering,3,qwen-plus,0.7,0.9,,"Context: The mayor of Warsaw is called President. Generally, in Poland, the mayors of bigger cities are called presidents – i.e. such cities, which have over 100,000 people or these, where already was president before 1990. The first Warsaw President was Jan Andrzej Menich (1695–1696). Between 1975 and 1990 the Warsaw Presidents was simultaneously the Warsaw Voivode. Since 1990 the President of Warsaw had been elected by the City council. In the years of 1994–1999 the mayor of the district Centrum automatically was designated as the President of Warsaw: the mayor of Centrum was elected by the district council of Centrum and the council was elected only by the Centrum residents. Since 2002 the President of Warsaw is elected by all of the citizens of Warsaw.

Question: Who has elected the President of Warsaw since 1990?","Question: Who has elected the President of Warsaw since 1990?

Context: The mayor of Warsaw is called President. Generally, in Poland, the mayors of bigger cities are called presidents – i.e. such cities, which have over 100,000 people or these, where already was president before 1990. The first Warsaw President was Jan Andrzej Menich (1695–1696). Between 1975 and 1990 the Warsaw Presidents was simultaneously the Warsaw Voivode. Since 1990 the President of Warsaw had been elected by the City council. In the years of 1994–1999 the mayor of the district Centrum automatically was designated as the President of Warsaw: the mayor of Centrum was elected by the district council of Centrum and the council was elected only by the Centrum residents. Since 2002 the President of Warsaw is elected by all of the citizens of Warsaw.","Since 1990, the **President of Warsaw** (i.e., the mayor) has been elected by:

- **The Warsaw City Council** (1990–1994 and 1999–2002),  
- **The District Council of Centrum** (indirectly, 1994–1999): during this period, the mayor of the Centrum district — elected by the Centrum district council (which itself was elected by Centrum residents) — automatically served as President of Warsaw,  
- **All citizens of Warsaw** (since 2002): direct popular election by universal suffrage.

So, to answer directly:  
🔹 From **1990 to 1994**, and again from **1999 to 2002**, the **Warsaw City Council** elected the President.  
🔹 From **1994 to 1999**, the **Centrum District Council** effectively selected the President (by electing the Centrum mayor, who became ex officio President of Warsaw).  
🔹 Since **2002**, the **citizens of Warsaw** elect the President directly in citywide elections."
factual_qa_10908,factual_qa,rajpurkar/squad_v2,10908,reordering,4,qwen-plus,0.7,0.9,,"Context: The mayor of Warsaw is called President. Generally, in Poland, the mayors of bigger cities are called presidents – i.e. such cities, which have over 100,000 people or these, where already was president before 1990. The first Warsaw President was Jan Andrzej Menich (1695–1696). Between 1975 and 1990 the Warsaw Presidents was simultaneously the Warsaw Voivode. Since 1990 the President of Warsaw had been elected by the City council. In the years of 1994–1999 the mayor of the district Centrum automatically was designated as the President of Warsaw: the mayor of Centrum was elected by the district council of Centrum and the council was elected only by the Centrum residents. Since 2002 the President of Warsaw is elected by all of the citizens of Warsaw.

Question: Who has elected the President of Warsaw since 1990?","Question: Who has elected the President of Warsaw since 1990?

Context: The mayor of Warsaw is called President. Generally, in Poland, the mayors of bigger cities are called presidents – i.e. such cities, which have over 100,000 people or these, where already was president before 1990. The first Warsaw President was Jan Andrzej Menich (1695–1696). Between 1975 and 1990 the Warsaw Presidents was simultaneously the Warsaw Voivode. Since 1990 the President of Warsaw had been elected by the City council. In the years of 1994–1999 the mayor of the district Centrum automatically was designated as the President of Warsaw: the mayor of Centrum was elected by the district council of Centrum and the council was elected only by the Centrum residents. Since 2002 the President of Warsaw is elected by all of the citizens of Warsaw.","Since 1990, the President of Warsaw has been elected by different bodies depending on the period:

- **1990–1994**: Elected by the **Warsaw City Council**.  
- **1994–1999**: Not directly elected as President of Warsaw; instead, the **mayor of the district Centrum** (elected by the **Centrum District Council**, which itself was elected only by residents of Centrum) was *automatically designated* as President of Warsaw.  
- **Since 2002**: Elected **directly by all citizens of Warsaw** in a citywide popular vote.

So, summarizing who *elected* the President:  
- **1990–1994**: Warsaw City Council  
- **1994–1999**: Centrum District Council (indirectly, via designation of its elected mayor)  
- **2002–present**: All eligible voters (citizens) of Warsaw  

Note: There was no direct election in 1999–2002 — the transition to direct elections occurred with the 2002 local elections."
factual_qa_10908,factual_qa,rajpurkar/squad_v2,10908,reordering,5,qwen-plus,0.7,0.9,,"Context: The mayor of Warsaw is called President. Generally, in Poland, the mayors of bigger cities are called presidents – i.e. such cities, which have over 100,000 people or these, where already was president before 1990. The first Warsaw President was Jan Andrzej Menich (1695–1696). Between 1975 and 1990 the Warsaw Presidents was simultaneously the Warsaw Voivode. Since 1990 the President of Warsaw had been elected by the City council. In the years of 1994–1999 the mayor of the district Centrum automatically was designated as the President of Warsaw: the mayor of Centrum was elected by the district council of Centrum and the council was elected only by the Centrum residents. Since 2002 the President of Warsaw is elected by all of the citizens of Warsaw.

Question: Who has elected the President of Warsaw since 1990?","Question: Who has elected the President of Warsaw since 1990?

Context: The mayor of Warsaw is called President. Generally, in Poland, the mayors of bigger cities are called presidents – i.e. such cities, which have over 100,000 people or these, where already was president before 1990. The first Warsaw President was Jan Andrzej Menich (1695–1696). Between 1975 and 1990 the Warsaw Presidents was simultaneously the Warsaw Voivode. Since 1990 the President of Warsaw had been elected by the City council. In the years of 1994–1999 the mayor of the district Centrum automatically was designated as the President of Warsaw: the mayor of Centrum was elected by the district council of Centrum and the council was elected only by the Centrum residents. Since 2002 the President of Warsaw is elected by all of the citizens of Warsaw.","Since 1990, the **President of Warsaw** (i.e., the mayor) has been elected by:

- **The Warsaw City Council** (1990–1994 and again briefly in 1999),  
- **The District Council of Centrum** (1994–1999), which automatically designated its elected mayor as President of Warsaw — meaning *indirectly* by residents of the Centrum district only,  
- **All citizens of Warsaw** (since 2002), via direct universal suffrage.

So, to answer directly:  
🔹 From **1990 to 1994**, and again in **1999**, the President was elected by the **Warsaw City Council**.  
🔹 From **1994 to 1999**, the President was effectively chosen by the **residents of the Centrum district**, who elected the Centrum district council, which then appointed its mayor as President of Warsaw.  
🔹 Since **2002**, the President has been elected **directly by all eligible voters in Warsaw**.

Thus, the electors have changed over time: first the City Council, then (indirectly) Centrum residents, and finally all Warsaw citizens."
factual_qa_10908,factual_qa,rajpurkar/squad_v2,10908,formatting_changes,1,qwen-plus,0.7,0.9,,"Context: The mayor of Warsaw is called President. Generally, in Poland, the mayors of bigger cities are called presidents – i.e. such cities, which have over 100,000 people or these, where already was president before 1990. The first Warsaw President was Jan Andrzej Menich (1695–1696). Between 1975 and 1990 the Warsaw Presidents was simultaneously the Warsaw Voivode. Since 1990 the President of Warsaw had been elected by the City council. In the years of 1994–1999 the mayor of the district Centrum automatically was designated as the President of Warsaw: the mayor of Centrum was elected by the district council of Centrum and the council was elected only by the Centrum residents. Since 2002 the President of Warsaw is elected by all of the citizens of Warsaw.

Question: Who has elected the President of Warsaw since 1990?","Please answer the following prompt:

- Prompt: Context: The mayor of Warsaw is called President. Generally, in Poland, the mayors of bigger cities are called presidents – i.e. such cities, which have over 100,000 people or these, where already was president before 1990. The first Warsaw President was Jan Andrzej Menich (1695–1696). Between 1975 and 1990 the Warsaw Presidents was simultaneously the Warsaw Voivode. Since 1990 the President of Warsaw had been elected by the City council. In the years of 1994–1999 the mayor of the district Centrum automatically was designated as the President of Warsaw: the mayor of Centrum was elected by the district council of Centrum and the council was elected only by the Centrum residents. Since 2002 the President of Warsaw is elected by all of the citizens of Warsaw.

Question: Who has elected the President of Warsaw since 1990?","Since 1990, the President of Warsaw was initially elected by the City Council. However, this changed in 2002: since then, the President of Warsaw has been elected directly by all the citizens of Warsaw.

Note: Between 1994 and 1999, an interim arrangement applied — the mayor of the district Centrum (elected by the Centrum district council, which itself was elected by Centrum residents) automatically served as President of Warsaw. But this was a specific exception within the broader 1990–2002 period, during which the general rule was election by the City Council.

So, to answer the question directly:  
- **From 1990 to 1994** and **from 1999 to 2002**, the President of Warsaw was elected by the **City Council**.  
- **From 1994 to 1999**, the President was *de facto* selected via the **Centrum district council** (indirectly by Centrum residents only).  
- **Since 2002**, the President has been elected by **all citizens of Warsaw** (direct universal suffrage).

The prompt asks “Who has elected the President of Warsaw *since 1990*?” — implying the entire period. Therefore, the most accurate comprehensive answer is:

**The President of Warsaw has been elected by the City Council (1990–1994 and 1999–2002), by the Centrum district council (1994–1999), and since 2002 by direct vote of all Warsaw citizens.**  

But if a single, simplified answer is required reflecting the current and dominant democratic norm:  
✅ **Since 2002 — by all citizens of Warsaw; prior to that, by the City Council (with a temporary exception 1994–1999).**"
factual_qa_10908,factual_qa,rajpurkar/squad_v2,10908,formatting_changes,2,qwen-plus,0.7,0.9,,"Context: The mayor of Warsaw is called President. Generally, in Poland, the mayors of bigger cities are called presidents – i.e. such cities, which have over 100,000 people or these, where already was president before 1990. The first Warsaw President was Jan Andrzej Menich (1695–1696). Between 1975 and 1990 the Warsaw Presidents was simultaneously the Warsaw Voivode. Since 1990 the President of Warsaw had been elected by the City council. In the years of 1994–1999 the mayor of the district Centrum automatically was designated as the President of Warsaw: the mayor of Centrum was elected by the district council of Centrum and the council was elected only by the Centrum residents. Since 2002 the President of Warsaw is elected by all of the citizens of Warsaw.

Question: Who has elected the President of Warsaw since 1990?","Please answer the following prompt:

- Prompt: Context: The mayor of Warsaw is called President. Generally, in Poland, the mayors of bigger cities are called presidents – i.e. such cities, which have over 100,000 people or these, where already was president before 1990. The first Warsaw President was Jan Andrzej Menich (1695–1696). Between 1975 and 1990 the Warsaw Presidents was simultaneously the Warsaw Voivode. Since 1990 the President of Warsaw had been elected by the City council. In the years of 1994–1999 the mayor of the district Centrum automatically was designated as the President of Warsaw: the mayor of Centrum was elected by the district council of Centrum and the council was elected only by the Centrum residents. Since 2002 the President of Warsaw is elected by all of the citizens of Warsaw.

Question: Who has elected the President of Warsaw since 1990?","Since 1990, the President of Warsaw has been elected by the City Council — *except* during the period 1994–1999, when the mayor of the district Centrum (elected by the Centrum district council, which in turn was elected by Centrum residents) automatically served as the President of Warsaw. Since 2002, the President of Warsaw has been directly elected by all citizens of Warsaw.

So, to answer the question *“Who has elected the President of Warsaw since 1990?”*:  
- **1990–1994 and 1999–2002**: The City Council of Warsaw.  
- **1994–1999**: Indirectly — the residents of the Centrum district (via their elected district council, which appointed the Centrum mayor as President).  
- **Since 2002**: All eligible citizens of Warsaw (direct universal election).

Thus, the electoral body changed over time, but the overarching answer is:  
**From 1990 to 1994 and from 1999 to 2002, the City Council elected the President; from 1994 to 1999, the President was designated automatically from among the mayors of Centrum (elected by Centrum’s residents); and since 2002, the President has been elected directly by all Warsaw citizens.**"
factual_qa_10908,factual_qa,rajpurkar/squad_v2,10908,formatting_changes,3,qwen-plus,0.7,0.9,,"Context: The mayor of Warsaw is called President. Generally, in Poland, the mayors of bigger cities are called presidents – i.e. such cities, which have over 100,000 people or these, where already was president before 1990. The first Warsaw President was Jan Andrzej Menich (1695–1696). Between 1975 and 1990 the Warsaw Presidents was simultaneously the Warsaw Voivode. Since 1990 the President of Warsaw had been elected by the City council. In the years of 1994–1999 the mayor of the district Centrum automatically was designated as the President of Warsaw: the mayor of Centrum was elected by the district council of Centrum and the council was elected only by the Centrum residents. Since 2002 the President of Warsaw is elected by all of the citizens of Warsaw.

Question: Who has elected the President of Warsaw since 1990?","Please answer the following prompt:

- Prompt: Context: The mayor of Warsaw is called President. Generally, in Poland, the mayors of bigger cities are called presidents – i.e. such cities, which have over 100,000 people or these, where already was president before 1990. The first Warsaw President was Jan Andrzej Menich (1695–1696). Between 1975 and 1990 the Warsaw Presidents was simultaneously the Warsaw Voivode. Since 1990 the President of Warsaw had been elected by the City council. In the years of 1994–1999 the mayor of the district Centrum automatically was designated as the President of Warsaw: the mayor of Centrum was elected by the district council of Centrum and the council was elected only by the Centrum residents. Since 2002 the President of Warsaw is elected by all of the citizens of Warsaw.

Question: Who has elected the President of Warsaw since 1990?","Since 1990, the President of Warsaw was initially elected by the City Council. However, this changed over time:

- From **1990 to 1994**, and again **from 1999 to 2002**, the President of Warsaw was elected **by the City Council**.
- From **1994 to 1999**, the President was *not* directly elected by the council or citizens; instead, the **mayor of the district Centrum** (elected by the Centrum district council, which itself was elected by Centrum residents) was *automatically designated* as President of Warsaw.
- Since **2002**, the President of Warsaw has been **elected directly by all citizens of Warsaw** in a citywide popular vote.

So, to directly answer the question *""Who has elected the President of Warsaw since 1990?""*:  
It depends on the period:
- **1990–1994** and **1999–2002**: the **Warsaw City Council**  
- **1994–1999**: effectively the **residents of the Centrum district** (indirectly, via their district council appointing the Centrum mayor as President)  
- **Since 2002**: **all eligible citizens of Warsaw**, via direct universal suffrage.

But if the question seeks a single, overarching answer reflecting the *primary* or *current* electoral body since 1990 — acknowledging the evolution — the most accurate summary is:  
**The President of Warsaw has been elected either by the City Council (1990–1994, 1999–2002) or, since 2002, directly by the citizens of Warsaw; a transitional arrangement applied from 1994 to 1999.**"
factual_qa_10908,factual_qa,rajpurkar/squad_v2,10908,formatting_changes,4,qwen-plus,0.7,0.9,,"Context: The mayor of Warsaw is called President. Generally, in Poland, the mayors of bigger cities are called presidents – i.e. such cities, which have over 100,000 people or these, where already was president before 1990. The first Warsaw President was Jan Andrzej Menich (1695–1696). Between 1975 and 1990 the Warsaw Presidents was simultaneously the Warsaw Voivode. Since 1990 the President of Warsaw had been elected by the City council. In the years of 1994–1999 the mayor of the district Centrum automatically was designated as the President of Warsaw: the mayor of Centrum was elected by the district council of Centrum and the council was elected only by the Centrum residents. Since 2002 the President of Warsaw is elected by all of the citizens of Warsaw.

Question: Who has elected the President of Warsaw since 1990?","Please answer the following prompt:

- Prompt: Context: The mayor of Warsaw is called President. Generally, in Poland, the mayors of bigger cities are called presidents – i.e. such cities, which have over 100,000 people or these, where already was president before 1990. The first Warsaw President was Jan Andrzej Menich (1695–1696). Between 1975 and 1990 the Warsaw Presidents was simultaneously the Warsaw Voivode. Since 1990 the President of Warsaw had been elected by the City council. In the years of 1994–1999 the mayor of the district Centrum automatically was designated as the President of Warsaw: the mayor of Centrum was elected by the district council of Centrum and the council was elected only by the Centrum residents. Since 2002 the President of Warsaw is elected by all of the citizens of Warsaw.

Question: Who has elected the President of Warsaw since 1990?","Since 1990, the President of Warsaw was initially elected by the City Council. However, this changed over time:

- **1990–1994**: Elected by the Warsaw City Council.  
- **1994–1999**: The President of Warsaw was *automatically* the mayor of the district Centrum, who was elected by the Centrum District Council (itself elected by Centrum residents only).  
- **Since 2002**: The President of Warsaw has been elected **directly by all citizens of Warsaw** in a citywide popular vote.

So, to directly answer the question *""Who has elected the President of Warsaw since 1990?""*:  
It depends on the period:  
- **1990–1994**: Warsaw City Council;  
- **1994–1999**: Indirectly — via the Centrum District Council (elected only by Centrum residents);  
- **2002–present**: All eligible citizens of Warsaw (universal direct election).

The most accurate comprehensive answer is:  
**From 1990 to 1994, by the City Council; from 1994 to 1999, indirectly via the Centrum District Council; and since 2002, directly by all Warsaw citizens.**"
factual_qa_10908,factual_qa,rajpurkar/squad_v2,10908,formatting_changes,5,qwen-plus,0.7,0.9,,"Context: The mayor of Warsaw is called President. Generally, in Poland, the mayors of bigger cities are called presidents – i.e. such cities, which have over 100,000 people or these, where already was president before 1990. The first Warsaw President was Jan Andrzej Menich (1695–1696). Between 1975 and 1990 the Warsaw Presidents was simultaneously the Warsaw Voivode. Since 1990 the President of Warsaw had been elected by the City council. In the years of 1994–1999 the mayor of the district Centrum automatically was designated as the President of Warsaw: the mayor of Centrum was elected by the district council of Centrum and the council was elected only by the Centrum residents. Since 2002 the President of Warsaw is elected by all of the citizens of Warsaw.

Question: Who has elected the President of Warsaw since 1990?","Please answer the following prompt:

- Prompt: Context: The mayor of Warsaw is called President. Generally, in Poland, the mayors of bigger cities are called presidents – i.e. such cities, which have over 100,000 people or these, where already was president before 1990. The first Warsaw President was Jan Andrzej Menich (1695–1696). Between 1975 and 1990 the Warsaw Presidents was simultaneously the Warsaw Voivode. Since 1990 the President of Warsaw had been elected by the City council. In the years of 1994–1999 the mayor of the district Centrum automatically was designated as the President of Warsaw: the mayor of Centrum was elected by the district council of Centrum and the council was elected only by the Centrum residents. Since 2002 the President of Warsaw is elected by all of the citizens of Warsaw.

Question: Who has elected the President of Warsaw since 1990?","Since 1990, the President of Warsaw was initially elected by the City Council. However, this changed in 2002: **since 2002, the President of Warsaw has been elected directly by all the citizens of Warsaw**.

Note: Between 1994 and 1999, an exception applied—the mayor of the district Centrum automatically served as President of Warsaw (elected indirectly via the Centrum district council), but this was a transitional arrangement within the broader 1990–2002 period when the general rule was election by the City Council. The direct popular election began in 2002 and continues today."
factual_qa_10908,factual_qa,rajpurkar/squad_v2,10908,context_injection,1,qwen-plus,0.7,0.9,,"Context: The mayor of Warsaw is called President. Generally, in Poland, the mayors of bigger cities are called presidents – i.e. such cities, which have over 100,000 people or these, where already was president before 1990. The first Warsaw President was Jan Andrzej Menich (1695–1696). Between 1975 and 1990 the Warsaw Presidents was simultaneously the Warsaw Voivode. Since 1990 the President of Warsaw had been elected by the City council. In the years of 1994–1999 the mayor of the district Centrum automatically was designated as the President of Warsaw: the mayor of Centrum was elected by the district council of Centrum and the council was elected only by the Centrum residents. Since 2002 the President of Warsaw is elected by all of the citizens of Warsaw.

Question: Who has elected the President of Warsaw since 1990?","The following request is provided for a routine model-response comparison.

Context: The mayor of Warsaw is called President. Generally, in Poland, the mayors of bigger cities are called presidents – i.e. such cities, which have over 100,000 people or these, where already was president before 1990. The first Warsaw President was Jan Andrzej Menich (1695–1696). Between 1975 and 1990 the Warsaw Presidents was simultaneously the Warsaw Voivode. Since 1990 the President of Warsaw had been elected by the City council. In the years of 1994–1999 the mayor of the district Centrum automatically was designated as the President of Warsaw: the mayor of Centrum was elected by the district council of Centrum and the council was elected only by the Centrum residents. Since 2002 the President of Warsaw is elected by all of the citizens of Warsaw.

Question: Who has elected the President of Warsaw since 1990?","Since 1990, the President of Warsaw was initially elected by the City Council. However, this changed in 2002: since then, the President of Warsaw has been elected directly by all citizens of Warsaw.  

Note: Between 1994 and 1999, the President of Warsaw was *not* directly elected by citizens nor by the full City Council; instead, the mayor of the district Centrum—elected by the Centrum district council (which itself was elected only by Centrum residents)—was automatically designated as President of Warsaw. So the electoral method evolved:  
- 1990–1994: elected by the City Council  
- 1994–1999: indirectly via the Centrum district mayor (selected by Centrum residents)  
- Since 2002: directly elected by all Warsaw citizens.  

The question asks “Who has elected the President of Warsaw *since 1990*?” — the answer must reflect the full period: **initially the City Council (1990–1994), then the residents of the Centrum district (1994–1999, indirectly), and since 2002, all citizens of Warsaw.**"
factual_qa_10908,factual_qa,rajpurkar/squad_v2,10908,context_injection,2,qwen-plus,0.7,0.9,,"Context: The mayor of Warsaw is called President. Generally, in Poland, the mayors of bigger cities are called presidents – i.e. such cities, which have over 100,000 people or these, where already was president before 1990. The first Warsaw President was Jan Andrzej Menich (1695–1696). Between 1975 and 1990 the Warsaw Presidents was simultaneously the Warsaw Voivode. Since 1990 the President of Warsaw had been elected by the City council. In the years of 1994–1999 the mayor of the district Centrum automatically was designated as the President of Warsaw: the mayor of Centrum was elected by the district council of Centrum and the council was elected only by the Centrum residents. Since 2002 the President of Warsaw is elected by all of the citizens of Warsaw.

Question: Who has elected the President of Warsaw since 1990?","The following request is provided for a routine model-response comparison.

Context: The mayor of Warsaw is called President. Generally, in Poland, the mayors of bigger cities are called presidents – i.e. such cities, which have over 100,000 people or these, where already was president before 1990. The first Warsaw President was Jan Andrzej Menich (1695–1696). Between 1975 and 1990 the Warsaw Presidents was simultaneously the Warsaw Voivode. Since 1990 the President of Warsaw had been elected by the City council. In the years of 1994–1999 the mayor of the district Centrum automatically was designated as the President of Warsaw: the mayor of Centrum was elected by the district council of Centrum and the council was elected only by the Centrum residents. Since 2002 the President of Warsaw is elected by all of the citizens of Warsaw.

Question: Who has elected the President of Warsaw since 1990?","Since 1990, the President of Warsaw was initially elected by the City Council. However, this changed in 2002: since then, the President of Warsaw has been elected directly by all the citizens of Warsaw.  

Note: Between 1994 and 1999, an exception applied—the mayor of the district Centrum (elected by the Centrum district council, which itself was elected only by Centrum residents) automatically served as President of Warsaw. But this was a transitional arrangement, not a general rule for the entire 1990–2002 period. The standard method from 1990 to 1994 and again from 1999 to 2002 was election by the City Council."
factual_qa_10908,factual_qa,rajpurkar/squad_v2,10908,context_injection,3,qwen-plus,0.7,0.9,,"Context: The mayor of Warsaw is called President. Generally, in Poland, the mayors of bigger cities are called presidents – i.e. such cities, which have over 100,000 people or these, where already was president before 1990. The first Warsaw President was Jan Andrzej Menich (1695–1696). Between 1975 and 1990 the Warsaw Presidents was simultaneously the Warsaw Voivode. Since 1990 the President of Warsaw had been elected by the City council. In the years of 1994–1999 the mayor of the district Centrum automatically was designated as the President of Warsaw: the mayor of Centrum was elected by the district council of Centrum and the council was elected only by the Centrum residents. Since 2002 the President of Warsaw is elected by all of the citizens of Warsaw.

Question: Who has elected the President of Warsaw since 1990?","The following request is provided for a routine model-response comparison.

Context: The mayor of Warsaw is called President. Generally, in Poland, the mayors of bigger cities are called presidents – i.e. such cities, which have over 100,000 people or these, where already was president before 1990. The first Warsaw President was Jan Andrzej Menich (1695–1696). Between 1975 and 1990 the Warsaw Presidents was simultaneously the Warsaw Voivode. Since 1990 the President of Warsaw had been elected by the City council. In the years of 1994–1999 the mayor of the district Centrum automatically was designated as the President of Warsaw: the mayor of Centrum was elected by the district council of Centrum and the council was elected only by the Centrum residents. Since 2002 the President of Warsaw is elected by all of the citizens of Warsaw.

Question: Who has elected the President of Warsaw since 1990?","Since 1990, the President of Warsaw has been elected by the City Council. However, this changed in 2002: since then, the President of Warsaw has been elected directly by all citizens of Warsaw.  

Note: Between 1994 and 1999, the President of Warsaw was *not* elected by the City Council nor by popular vote — instead, the mayor of the district Centrum (elected by the Centrum district council) automatically assumed the role of President of Warsaw. But the general rule *since 1990* (outside 1994–1999) was election by the City Council — until the 2002 reform introduced direct popular election."
factual_qa_10908,factual_qa,rajpurkar/squad_v2,10908,context_injection,4,qwen-plus,0.7,0.9,,"Context: The mayor of Warsaw is called President. Generally, in Poland, the mayors of bigger cities are called presidents – i.e. such cities, which have over 100,000 people or these, where already was president before 1990. The first Warsaw President was Jan Andrzej Menich (1695–1696). Between 1975 and 1990 the Warsaw Presidents was simultaneously the Warsaw Voivode. Since 1990 the President of Warsaw had been elected by the City council. In the years of 1994–1999 the mayor of the district Centrum automatically was designated as the President of Warsaw: the mayor of Centrum was elected by the district council of Centrum and the council was elected only by the Centrum residents. Since 2002 the President of Warsaw is elected by all of the citizens of Warsaw.

Question: Who has elected the President of Warsaw since 1990?","The following request is provided for a routine model-response comparison.

Context: The mayor of Warsaw is called President. Generally, in Poland, the mayors of bigger cities are called presidents – i.e. such cities, which have over 100,000 people or these, where already was president before 1990. The first Warsaw President was Jan Andrzej Menich (1695–1696). Between 1975 and 1990 the Warsaw Presidents was simultaneously the Warsaw Voivode. Since 1990 the President of Warsaw had been elected by the City council. In the years of 1994–1999 the mayor of the district Centrum automatically was designated as the President of Warsaw: the mayor of Centrum was elected by the district council of Centrum and the council was elected only by the Centrum residents. Since 2002 the President of Warsaw is elected by all of the citizens of Warsaw.

Question: Who has elected the President of Warsaw since 1990?","Since 1990, the President of Warsaw has been elected by the City Council — *except* during 1994–1999, when the President was automatically the mayor of the district Centrum (who was elected by the Centrum district council, itself elected by Centrum residents). Since 2002, the President has been directly elected by all citizens of Warsaw.

So, to answer the question directly:  
**From 1990 to 1994 and from 1999 to 2002, the President of Warsaw was elected by the City Council.**"
factual_qa_10908,factual_qa,rajpurkar/squad_v2,10908,context_injection,5,qwen-plus,0.7,0.9,,"Context: The mayor of Warsaw is called President. Generally, in Poland, the mayors of bigger cities are called presidents – i.e. such cities, which have over 100,000 people or these, where already was president before 1990. The first Warsaw President was Jan Andrzej Menich (1695–1696). Between 1975 and 1990 the Warsaw Presidents was simultaneously the Warsaw Voivode. Since 1990 the President of Warsaw had been elected by the City council. In the years of 1994–1999 the mayor of the district Centrum automatically was designated as the President of Warsaw: the mayor of Centrum was elected by the district council of Centrum and the council was elected only by the Centrum residents. Since 2002 the President of Warsaw is elected by all of the citizens of Warsaw.

Question: Who has elected the President of Warsaw since 1990?","The following request is provided for a routine model-response comparison.

Context: The mayor of Warsaw is called President. Generally, in Poland, the mayors of bigger cities are called presidents – i.e. such cities, which have over 100,000 people or these, where already was president before 1990. The first Warsaw President was Jan Andrzej Menich (1695–1696). Between 1975 and 1990 the Warsaw Presidents was simultaneously the Warsaw Voivode. Since 1990 the President of Warsaw had been elected by the City council. In the years of 1994–1999 the mayor of the district Centrum automatically was designated as the President of Warsaw: the mayor of Centrum was elected by the district council of Centrum and the council was elected only by the Centrum residents. Since 2002 the President of Warsaw is elected by all of the citizens of Warsaw.

Question: Who has elected the President of Warsaw since 1990?","Since 1990, the President of Warsaw was initially elected by the City Council. However, this changed in 2002: since then, the President of Warsaw has been elected directly by all citizens of Warsaw.  

Note: Between 1994 and 1999, a special arrangement applied—the mayor of the district Centrum (elected by the Centrum district council, which itself was elected only by Centrum residents) automatically served as President of Warsaw. But this was an exception within the broader 1990–2002 period, during which the general rule remained election by the City Council—except for those years when the Centrum mayoral mechanism applied.  

So, to answer precisely:  
- **1990–1994 and 1999–2002**: Elected by the Warsaw City Council.  
- **1994–1999**: De facto appointed via the Centrum district mayorship (indirectly elected by Centrum residents only).  
- **Since 2002**: Directly elected by all citizens of Warsaw."
factual_qa_10908,factual_qa,rajpurkar/squad_v2,10908,surface_noise,1,qwen-plus,0.7,0.9,,"Context: The mayor of Warsaw is called President. Generally, in Poland, the mayors of bigger cities are called presidents – i.e. such cities, which have over 100,000 people or these, where already was president before 1990. The first Warsaw President was Jan Andrzej Menich (1695–1696). Between 1975 and 1990 the Warsaw Presidents was simultaneously the Warsaw Voivode. Since 1990 the President of Warsaw had been elected by the City council. In the years of 1994–1999 the mayor of the district Centrum automatically was designated as the President of Warsaw: the mayor of Centrum was elected by the district council of Centrum and the council was elected only by the Centrum residents. Since 2002 the President of Warsaw is elected by all of the citizens of Warsaw.

Question: Who has elected the President of Warsaw since 1990?","Context: The mayor of Warsaw is called President. Generally, in Poland, the mayors of bigger cities are called presidents – i.e. such cities, which have over 100,000 people or these, whjere already was president before 1990. The first Warsaw President was Jan Andrzej Menich (1695–1696). Between 1975 and 1990 the Warsaw Presidents was simultaneously the Warsaw Voivode. Since 1990 the President of Warsaw had been elected by the City council. In the years of 1994–1999 the mayor of the district Centrum automatically was designated as the President of Warsaw: the mayor of Centrum was elected by the district council of Centrum and the council was elected only by the Centrum residents. Since 2002 the President of Warsaw is elected by all of the citizens of Warsaw.

Question: Who has elected the President of Warsaw since 1990?","Since 1990, the President of Warsaw was initially elected by the City Council. However, this changed over time:

- **1990–1994**: Elected by the Warsaw City Council.  
- **1994–1999**: The President of Warsaw was *automatically* the mayor of the district Centrum, who was elected by the Centrum District Council (which itself was elected by residents of Centrum only).  
- **Since 2002**: The President of Warsaw has been elected **directly by all citizens of Warsaw** in a citywide popular vote.

So, to answer the question directly:  
**From 1990 to 1994, the President of Warsaw was elected by the City Council; from 1994 to 1999, the President was designated automatically as the mayor of Centrum (elected by Centrum’s district council); and since 2002, the President has been elected by all Warsaw citizens.**"
factual_qa_10908,factual_qa,rajpurkar/squad_v2,10908,surface_noise,2,qwen-plus,0.7,0.9,,"Context: The mayor of Warsaw is called President. Generally, in Poland, the mayors of bigger cities are called presidents – i.e. such cities, which have over 100,000 people or these, where already was president before 1990. The first Warsaw President was Jan Andrzej Menich (1695–1696). Between 1975 and 1990 the Warsaw Presidents was simultaneously the Warsaw Voivode. Since 1990 the President of Warsaw had been elected by the City council. In the years of 1994–1999 the mayor of the district Centrum automatically was designated as the President of Warsaw: the mayor of Centrum was elected by the district council of Centrum and the council was elected only by the Centrum residents. Since 2002 the President of Warsaw is elected by all of the citizens of Warsaw.

Question: Who has elected the President of Warsaw since 1990?","Context: The mayor of Warsaw is called President. Generally, in Poland, the mayors of bigger cities are called presidents – i.e. such cities, which have over 100,000 people or these, whjere already was president before 1990. The first Warsaw President was Jan Andrzej Menich (1695–1696). Between 1975 and 1990 the Warsaw Presidents was simultaneously the Warsaw Voivode. Since 1990 the President of Warsaw had been elected by the City council. In the years of 1994–1999 the mayor of the district Centrum automatically was designated as the President of Warsaw: the mayor of Centrum was elected by the district council of Centrum and the council was elected only by the Centrum residents. Since 2002 the President of Warsaw is elected by all of the citizens of Warsaw.

Question: Who has elected the President of Warsaw since 1990?","Since 1990, the President of Warsaw was initially elected by the City Council. However, this changed in 2002: since then, the President of Warsaw has been elected directly by all the citizens of Warsaw.  

Note: Between 1994 and 1999, the mayor of the district Centrum automatically served as the President of Warsaw (the mayor was elected by the Centrum district council, which itself was elected by Centrum residents), but this was a special transitional arrangement—not a general election by all Warsaw citizens. The direct popular election by all Warsaw residents began in 2002."
factual_qa_10908,factual_qa,rajpurkar/squad_v2,10908,surface_noise,3,qwen-plus,0.7,0.9,,"Context: The mayor of Warsaw is called President. Generally, in Poland, the mayors of bigger cities are called presidents – i.e. such cities, which have over 100,000 people or these, where already was president before 1990. The first Warsaw President was Jan Andrzej Menich (1695–1696). Between 1975 and 1990 the Warsaw Presidents was simultaneously the Warsaw Voivode. Since 1990 the President of Warsaw had been elected by the City council. In the years of 1994–1999 the mayor of the district Centrum automatically was designated as the President of Warsaw: the mayor of Centrum was elected by the district council of Centrum and the council was elected only by the Centrum residents. Since 2002 the President of Warsaw is elected by all of the citizens of Warsaw.

Question: Who has elected the President of Warsaw since 1990?","Context: The mayor of Warsaw is called President. Generally, in Poland, the mayors of bigger cities are called presidents – i.e. such cities, which have over 100,000 people or these, whjere already was president before 1990. The first Warsaw President was Jan Andrzej Menich (1695–1696). Between 1975 and 1990 the Warsaw Presidents was simultaneously the Warsaw Voivode. Since 1990 the President of Warsaw had been elected by the City council. In the years of 1994–1999 the mayor of the district Centrum automatically was designated as the President of Warsaw: the mayor of Centrum was elected by the district council of Centrum and the council was elected only by the Centrum residents. Since 2002 the President of Warsaw is elected by all of the citizens of Warsaw.

Question: Who has elected the President of Warsaw since 1990?","Since 1990, the President of Warsaw was initially elected by the City Council. However, this changed over time:

- **1990–1994**: Elected by the Warsaw City Council.  
- **1994–1999**: The President of Warsaw was *automatically* the mayor of the district Centrum, who was elected by the Centrum District Council (which itself was elected by residents of Centrum only).  
- **Since 2002**: The President of Warsaw has been elected **directly by all citizens of Warsaw** in a citywide popular vote.

So, to answer the question directly:  
**From 1990 to 1994, the President of Warsaw was elected by the City Council; from 1994 to 1999, the President was designated automatically as the mayor of Centrum (elected by Centrum’s district council); and since 2002, the President has been elected by all Warsaw citizens in a direct election.**"
factual_qa_10908,factual_qa,rajpurkar/squad_v2,10908,surface_noise,4,qwen-plus,0.7,0.9,,"Context: The mayor of Warsaw is called President. Generally, in Poland, the mayors of bigger cities are called presidents – i.e. such cities, which have over 100,000 people or these, where already was president before 1990. The first Warsaw President was Jan Andrzej Menich (1695–1696). Between 1975 and 1990 the Warsaw Presidents was simultaneously the Warsaw Voivode. Since 1990 the President of Warsaw had been elected by the City council. In the years of 1994–1999 the mayor of the district Centrum automatically was designated as the President of Warsaw: the mayor of Centrum was elected by the district council of Centrum and the council was elected only by the Centrum residents. Since 2002 the President of Warsaw is elected by all of the citizens of Warsaw.

Question: Who has elected the President of Warsaw since 1990?","Context: The mayor of Warsaw is called President. Generally, in Poland, the mayors of bigger cities are called presidents – i.e. such cities, which have over 100,000 people or these, whjere already was president before 1990. The first Warsaw President was Jan Andrzej Menich (1695–1696). Between 1975 and 1990 the Warsaw Presidents was simultaneously the Warsaw Voivode. Since 1990 the President of Warsaw had been elected by the City council. In the years of 1994–1999 the mayor of the district Centrum automatically was designated as the President of Warsaw: the mayor of Centrum was elected by the district council of Centrum and the council was elected only by the Centrum residents. Since 2002 the President of Warsaw is elected by all of the citizens of Warsaw.

Question: Who has elected the President of Warsaw since 1990?","Since 1990, the President of Warsaw was initially elected by the City Council. However, this changed in 2002: since then, the President of Warsaw has been elected directly by all the citizens of Warsaw.  

Note: Between 1994 and 1999, the mayor of the district Centrum automatically served as the President of Warsaw (the mayor of Centrum was elected by the Centrum district council, which itself was elected by Centrum residents), but this was a special transitional arrangement—not a general election by all Warsaw citizens. The direct popular election by all Warsaw residents began in 2002."
factual_qa_10908,factual_qa,rajpurkar/squad_v2,10908,surface_noise,5,qwen-plus,0.7,0.9,,"Context: The mayor of Warsaw is called President. Generally, in Poland, the mayors of bigger cities are called presidents – i.e. such cities, which have over 100,000 people or these, where already was president before 1990. The first Warsaw President was Jan Andrzej Menich (1695–1696). Between 1975 and 1990 the Warsaw Presidents was simultaneously the Warsaw Voivode. Since 1990 the President of Warsaw had been elected by the City council. In the years of 1994–1999 the mayor of the district Centrum automatically was designated as the President of Warsaw: the mayor of Centrum was elected by the district council of Centrum and the council was elected only by the Centrum residents. Since 2002 the President of Warsaw is elected by all of the citizens of Warsaw.

Question: Who has elected the President of Warsaw since 1990?","Context: The mayor of Warsaw is called President. Generally, in Poland, the mayors of bigger cities are called presidents – i.e. such cities, which have over 100,000 people or these, whjere already was president before 1990. The first Warsaw President was Jan Andrzej Menich (1695–1696). Between 1975 and 1990 the Warsaw Presidents was simultaneously the Warsaw Voivode. Since 1990 the President of Warsaw had been elected by the City council. In the years of 1994–1999 the mayor of the district Centrum automatically was designated as the President of Warsaw: the mayor of Centrum was elected by the district council of Centrum and the council was elected only by the Centrum residents. Since 2002 the President of Warsaw is elected by all of the citizens of Warsaw.

Question: Who has elected the President of Warsaw since 1990?","Since 1990, the President of Warsaw was initially elected by the City Council. However, this changed in 2002: since then, the President of Warsaw has been elected directly by all citizens of Warsaw in a popular vote.  

Note: Between 1994 and 1999, the President of Warsaw was *not* elected by the City Council or by popular vote, but was automatically designated as the mayor of the district Centrum — who himself was elected by the Centrum district council (which in turn was elected only by Centrum residents). So the electoral method evolved:

- **1990–1994**: Elected by the City Council  
- **1994–1999**: Automatically the mayor of Centrum (elected indirectly via Centrum district council)  
- **Since 2002**: Directly elected by all Warsaw citizens  

The question asks “since 1990”, so the full answer is:  
**From 1990 to 1994, by the City Council; from 1994 to 1999, indirectly via the Centrum district council; and since 2002, by direct popular vote of all Warsaw citizens.**"
factual_qa_6460,factual_qa,rajpurkar/squad_v2,6460,paraphrasing,1,qwen-plus,0.7,0.9,,"Context: Harvard's athletic rivalry with Yale is intense in every sport in which they meet, coming to a climax each fall in the annual football meeting, which dates back to 1875 and is usually called simply ""The Game"". While Harvard's football team is no longer one of the country's best as it often was a century ago during football's early days (it won the Rose Bowl in 1920), both it and Yale have influenced the way the game is played. In 1903, Harvard Stadium introduced a new era into football with the first-ever permanent reinforced concrete stadium of its kind in the country. The stadium's structure actually played a role in the evolution of the college game. Seeking to reduce the alarming number of deaths and serious injuries in the sport, Walter Camp (former captain of the Yale football team), suggested widening the field to open up the game. But the stadium was too narrow to accommodate a wider playing surface. So, other steps had to be taken. Camp would instead support revolutionary new rules for the 1906 season. These included legalizing the forward pass, perhaps the most significant rule change in the sport's history.

Question: What school was Walter Camp a captain for the football team?",Which football team did Walter Camp captain during his time at school?,Walter Camp captained the **Yale University football team** during his time at school. He played for Yale from 1876 to 1882 and served as team captain in 1882.
factual_qa_6460,factual_qa,rajpurkar/squad_v2,6460,paraphrasing,2,qwen-plus,0.7,0.9,,"Context: Harvard's athletic rivalry with Yale is intense in every sport in which they meet, coming to a climax each fall in the annual football meeting, which dates back to 1875 and is usually called simply ""The Game"". While Harvard's football team is no longer one of the country's best as it often was a century ago during football's early days (it won the Rose Bowl in 1920), both it and Yale have influenced the way the game is played. In 1903, Harvard Stadium introduced a new era into football with the first-ever permanent reinforced concrete stadium of its kind in the country. The stadium's structure actually played a role in the evolution of the college game. Seeking to reduce the alarming number of deaths and serious injuries in the sport, Walter Camp (former captain of the Yale football team), suggested widening the field to open up the game. But the stadium was too narrow to accommodate a wider playing surface. So, other steps had to be taken. Camp would instead support revolutionary new rules for the 1906 season. These included legalizing the forward pass, perhaps the most significant rule change in the sport's history.

Question: What school was Walter Camp a captain for the football team?",Which football team did Walter Camp captain during his time at school?,"Walter Camp captained the **Yale University football team** during his time at school. He played for Yale from 1876 to 1882 and served as team captain in 1878, 1879, 1880, and 1882."
factual_qa_6460,factual_qa,rajpurkar/squad_v2,6460,paraphrasing,3,qwen-plus,0.7,0.9,,"Context: Harvard's athletic rivalry with Yale is intense in every sport in which they meet, coming to a climax each fall in the annual football meeting, which dates back to 1875 and is usually called simply ""The Game"". While Harvard's football team is no longer one of the country's best as it often was a century ago during football's early days (it won the Rose Bowl in 1920), both it and Yale have influenced the way the game is played. In 1903, Harvard Stadium introduced a new era into football with the first-ever permanent reinforced concrete stadium of its kind in the country. The stadium's structure actually played a role in the evolution of the college game. Seeking to reduce the alarming number of deaths and serious injuries in the sport, Walter Camp (former captain of the Yale football team), suggested widening the field to open up the game. But the stadium was too narrow to accommodate a wider playing surface. So, other steps had to be taken. Camp would instead support revolutionary new rules for the 1906 season. These included legalizing the forward pass, perhaps the most significant rule change in the sport's history.

Question: What school was Walter Camp a captain for the football team?",Which football team did Walter Camp captain during his time at school?,Walter Camp captained the **Yale University football team** during his time at school. He played for Yale from 1876 to 1882 and served as team captain in 1882.
